Date,POT,PVB,CMG,MSN,PVD,FPT,KDH,CTG,NVB,CTS,PVS,MWG,HAG,ITD,VNM,PVC,PDR,NLG,VIC,VCB
2023-11-19,17.321472,20.518349,34.203083,61.220238,26.532515,81.45785,28.313526,29.02307,11.268968,26.38234,36.3486,43.048046,12.410265,10.191516,65.82882,14.308423,24.127111,34.700706,41.135612,59.985348
2023-11-20,17.310003,20.738016,33.947144,62.34956,26.23699,81.53713,28.484976,30.84175,11.236544,26.28001,36.428223,43.432346,12.349368,9.671204,64.99507,14.362658,24.504915,34.725853,43.663708,60.11337
2023-11-21,18.288387,20.815851,34.20766,63.14223,27.236795,81.691086,29.179028,32.21115,11.082864,25.92645,37.392292,43.80116,12.480875,9.522459,66.92917,15.3462515,24.741919,36.26423,43.370457,61.239563
2023-11-22,18.086166,20.456114,33.463207,61.926258,26.149046,81.93388,29.203024,32.757557,10.939603,26.298374,37.771626,44.215675,12.855868,9.623323,66.33609,15.1367,25.161533,35.52475,41.17696,60.532337
2023-11-23,17.997032,21.764359,35.815113,62.185276,26.62514,81.12357,29.476555,32.537506,11.09086,27.828835,36.18335,43.55632,12.939749,9.615366,67.68926,14.447839,24.59016,37.292454,40.851013,60.8393
2023-11-24,17.25105,21.494848,36.779682,64.835625,26.266935,82.58728,29.335009,32.47767,11.079554,28.84369,36.294624,44.101337,12.960542,9.343575,64.632996,14.310793,24.82463,38.45362,41.364197,61.192635
2023-11-25,17.20279,21.64703,36.894775,63.361633,26.896889,80.66542,29.298481,32.047176,10.9308605,28.298357,36.449455,43.23955,13.208926,9.852975,62.880775,14.334631,24.333826,37.884068,40.750717,59.838184
2023-11-26,17.118082,21.750662,36.695496,60.987762,26.901617,79.6447,29.044525,32.026474,10.656624,28.259481,36.125233,42.630177,13.177157,10.065582,66.203995,14.339714,24.281322,36.351765,41.854923,59.572315
2023-11-27,17.204445,20.45884,36.55166,60.886333,26.882324,79.480804,29.099133,32.05578,10.601623,28.000547,36.19743,42.870308,13.338921,10.0202875,65.932526,14.28715,24.250114,36.278286,41.626534,59.411423
2023-11-28,18.021492,21.437656,36.512413,60.575138,26.398617,80.79813,29.391802,32.5876,10.863512,28.579681,37.120583,43.42947,13.271732,9.75474,66.81976,14.383523,24.89964,36.768932,43.472694,60.253376
2023-11-29,17.887403,21.708271,36.96421,61.034588,29.138088,80.39964,28.504667,32.628014,10.416414,28.344242,38.97866,42.57342,13.493725,9.911629,67.67171,14.887818,24.761978,37.7647,43.411003,60.522305
2023-11-30,17.83791,21.197168,36.646053,61.705147,27.317501,81.264175,29.02775,32.65612,10.432533,28.610638,38.47601,42.031578,13.35697,9.873875,68.04571,14.269939,24.8965,38.138027,43.799282,61.170143
2023-12-01,17.55314,21.46717,36.580826,60.415077,27.400908,79.05147,28.918707,32.37014,10.468857,28.868546,38.49439,42.677013,13.569341,9.98984,65.7421,14.406948,24.728193,37.756523,43.018333,60.68587
2023-12-02,17.518034,21.66335,36.84904,61.257645,27.169802,79.54089,29.03102,32.5622,10.659315,29.151093,39.110367,43.242603,13.876069,9.974137,67.06064,14.4483,25.038076,38.18265,43.68151,61.04431
2023-12-03,17.07083,21.598955,36.97084,61.200184,29.623695,79.71533,29.276642,32.419918,10.239749,29.798801,38.81708,43.222477,13.72091,10.132196,67.150925,15.486008,24.71079,38.084198,43.66349,58.91795
2023-12-04,16.936678,21.859058,37.67122,61.459415,29.53903,85.25872,29.237635,32.535603,11.290323,30.194445,38.762497,43.470078,13.660524,10.009572,66.821,15.382637,25.70689,37.30758,43.686,58.914684
2023-12-05,17.202932,21.858828,38.155922,62.98306,29.246408,89.148155,28.77467,31.509226,10.42601,30.17912,38.606342,43.496113,13.3561125,10.000006,63.362713,15.284345,24.022968,36.961525,44.26208,59.17742
2023-12-06,16.99712,21.641008,38.807995,61.868652,29.007835,89.34588,29.089144,32.082336,10.438875,30.292185,38.03791,45.076557,13.32648,9.879179,66.46492,15.204034,25.168354,37.14805,43.34157,58.541332
2023-12-07,16.991922,22.223436,38.87103,62.839767,28.081228,86.42826,29.230917,31.034758,11.252603,30.146162,38.759132,43.912544,13.257611,10.119281,67.399345,15.355735,24.594952,37.61827,43.6738,59.984333
2023-12-08,16.96091,21.935741,38.337826,65.445755,27.816305,86.69255,29.749279,32.65864,11.101496,29.98721,38.021713,43.832798,13.029308,9.993874,65.69442,14.904195,24.985535,37.86196,43.4005,59.91537
2023-12-09,16.967611,22.094765,37.608723,66.830185,27.925262,87.187614,29.90524,31.105776,11.3225355,29.651203,38.252438,42.293755,12.97899,10.087907,67.1662,14.935397,25.015593,38.24432,43.865707,59.646336
2023-12-10,17.045654,22.516861,37.336674,67.17357,27.835978,85.71628,29.98207,31.375187,11.385776,29.995953,39.02466,41.127274,12.883182,9.474703,66.92215,14.796047,24.647879,38.300674,42.603764,60.201107
2023-12-11,16.578426,22.158278,37.119423,67.00973,27.22881,85.952545,30.021149,31.455936,11.37032,30.203312,38.64405,41.318768,12.927514,9.487249,66.53244,14.764993,24.679247,38.50564,42.716366,60.32025
2023-12-12,15.936779,22.387333,37.361416,65.31048,27.303753,86.85223,30.361095,30.856234,10.457324,29.990702,38.028572,41.47282,12.842645,9.969658,65.95137,14.893142,24.80183,37.934124,42.37487,59.824173
2023-12-13,17.336967,20.648664,36.555485,66.066086,27.654583,85.578766,30.209906,32.65372,10.391129,30.412165,37.275455,42.03132,13.024472,9.869166,67.08966,14.693983,25.471752,38.42754,43.69098,60.52212
2023-12-14,17.275843,20.758286,36.40261,66.87906,27.333303,85.55637,27.55284,33.680527,10.520852,29.775352,36.94912,41.661617,12.879119,9.98645,67.19113,14.986664,24.430923,37.99957,44.49086,59.589565
2023-12-15,17.266167,20.52564,37.13518,63.170277,27.62227,84.70557,27.30369,33.3611,10.647427,30.041315,37.34674,44.493652,13.261651,9.957887,64.41184,15.058999,25.31646,38.457806,44.723312,60.381496
2023-12-16,17.049843,20.446455,36.747128,61.696556,27.300423,89.98065,26.966208,32.876884,10.551327,29.500425,36.95785,45.33671,13.243919,9.899189,64.10775,15.130317,24.98418,37.928715,45.047512,59.91646
2023-12-17,16.887335,20.42813,35.056946,61.297203,27.900955,91.52473,26.948637,33.07078,10.609102,29.201485,36.87491,44.50698,13.482366,10.046271,63.219532,15.045054,24.857931,37.76235,45.14545,60.256718
2023-12-18,16.900715,20.386114,34.983932,60.937397,27.111658,90.96932,27.23626,33.14273,10.6631155,28.928,36.79411,44.346806,13.369973,10.03282,63.255898,15.036609,24.767454,37.583023,45.33719,60.42947
2023-12-19,16.750736,22.249735,36.429684,61.94526,28.83091,91.1288,27.752102,33.135227,10.78253,29.008514,39.504974,44.41215,13.148988,10.086921,62.4279,15.2389,24.903955,37.420162,46.055794,62.931026
2023-12-20,16.28673,22.445148,36.161697,60.883335,27.680292,91.640495,28.493078,33.48332,10.689712,28.32824,37.660282,44.97328,13.135226,9.965605,63.031185,15.70057,24.8229,37.297283,40.961903,62.452282
2023-12-21,16.9383,23.116621,36.741528,60.8444,27.591543,91.47615,28.820955,33.67591,10.547372,28.160505,37.202477,44.444637,13.425834,10.056219,63.220276,14.790651,24.203274,37.49638,43.1887,63.27003
2023-12-22,17.11041,20.392614,35.261097,63.75346,27.860437,90.51295,28.46107,33.412544,10.6542425,28.540003,37.67307,44.478416,13.448049,10.041936,64.05546,15.412905,24.847322,36.89556,43.888954,62.82782
2023-12-23,17.452045,19.998274,34.706493,63.728477,28.142233,90.61902,28.59765,33.760654,10.408375,28.298306,37.54594,45.01054,13.511052,10.001753,64.641884,15.438368,25.54863,37.432064,44.721325,63.15218
2023-12-24,17.48224,19.942879,33.67329,65.17097,27.94181,91.46345,28.47807,33.655926,10.836509,28.16013,38.406784,45.262974,13.515791,9.950446,64.39956,15.266553,24.720924,37.44278,44.585903,61.91906
2023-12-25,17.299448,22.47089,35.098377,67.111244,28.20663,90.57945,28.489801,33.705067,10.888828,27.976988,38.326008,44.44474,13.487929,9.947797,65.00808,15.763855,24.645153,37.410076,44.65636,61.37096
2023-12-26,17.6593,22.294714,35.258575,66.39977,27.700327,89.68156,28.491161,32.956287,11.679023,26.875217,37.261414,43.232933,13.279031,9.94472,63.728676,15.119757,25.086718,35.730934,43.46468,60.811752
2023-12-27,17.24533,22.209738,36.013195,67.09321,27.219198,89.84205,27.10991,32.97688,10.48275,26.141626,36.68523,43.077293,13.481336,10.106066,63.632793,14.570653,23.851759,36.744358,43.384857,58.575962
2023-12-28,17.231403,22.418352,35.873356,66.66333,27.116665,91.22648,27.058434,33.012478,11.328807,26.11647,36.88996,43.32788,13.5658245,9.90215,65.68938,14.513052,24.184092,36.90244,43.09978,58.09963
2023-12-29,16.618765,22.468084,35.883972,67.6933,27.047796,92.657814,27.9289,33.32783,10.375616,26.257141,36.90474,43.085625,13.728024,10.003743,63.63891,14.617904,24.136387,36.891266,40.881397,59.764896
2023-12-30,16.572254,22.539385,35.301624,68.794464,26.5053,91.97223,27.92301,33.089787,10.69012,26.687756,37.006016,42.13219,13.9217,10.022627,64.85052,14.6935425,23.502241,36.2352,41.603436,60.577
2023-12-31,16.38321,21.872526,35.18041,68.72036,28.605963,92.84848,27.490524,31.775808,11.007163,27.488258,37.106907,42.501507,13.879889,10.115679,65.14792,15.206479,23.477232,35.353703,43.10676,61.124588
2024-01-01,16.366297,22.043144,35.2179,67.96798,28.771759,93.926445,28.506657,31.70756,10.981738,29.09652,37.053535,43.274216,14.006451,9.961986,66.48905,14.896615,24.961475,36.623997,41.02372,61.619923
2024-01-02,16.380318,22.154501,35.882294,61.993702,28.73034,94.93571,30.094568,32.017662,10.629075,30.525,37.309036,42.102882,13.838847,10.098953,67.31199,15.170959,25.6181,36.858795,43.425873,61.836
2024-01-03,17.408634,21.554003,36.151752,61.987198,29.183683,94.79022,28.896435,31.067036,11.099905,30.318584,37.198765,43.66183,13.758109,10.028089,66.69865,15.023336,25.579838,37.628605,43.114586,63.302784
2024-01-04,17.259972,21.910467,36.260303,62.830143,28.883408,95.604645,29.580877,31.377802,10.997587,30.736511,37.827175,45.857174,13.2058,10.177151,63.692223,15.021252,25.651943,38.686367,41.00898,60.243896
2024-01-05,17.44759,20.003532,37.711216,62.194088,28.389519,88.7483,29.390873,30.999151,10.39542,30.275656,37.70336,43.3198,13.121586,10.153532,63.439484,15.087656,24.901258,38.647713,40.396076,59.059795
2024-01-06,16.542946,21.987276,37.609314,65.26913,28.759588,87.97009,28.322197,31.383526,10.9039755,31.344326,37.60854,43.723682,12.997571,10.186152,68.41817,15.115726,25.15917,39.205315,41.102875,59.406845
2024-01-07,16.762022,21.610502,37.59914,69.418594,28.687119,91.643524,28.371044,31.336554,10.654553,32.175125,37.950653,46.307507,13.023621,10.202175,68.25581,15.06802,24.869125,39.88083,39.642025,57.529087
2024-01-08,16.985594,19.953943,39.114616,73.169685,28.749744,92.69944,28.549835,31.919474,10.386519,32.570293,38.341988,46.645226,13.128745,10.174359,68.221886,14.881907,24.413774,39.88353,40.726963,57.554783
2024-01-09,16.856544,20.197748,38.49831,71.95138,28.534039,89.55659,30.321314,31.664742,9.994753,32.70367,36.685867,46.232666,13.382841,10.11432,67.60489,14.830351,26.378765,38.83739,40.637302,57.35308
2024-01-10,16.278238,19.7019,38.22552,72.12591,28.215897,89.95668,31.130466,31.23095,9.754784,32.502308,35.659122,45.885746,13.222994,10.327123,66.32164,14.505105,25.963007,38.679996,43.364803,56.54188
2024-01-11,16.255411,19.527353,37.629105,71.90033,28.787104,89.367485,30.48759,31.02523,9.391045,32.727966,36.914707,45.63271,13.362405,10.348832,66.13415,14.379183,26.365816,38.26762,45.39481,56.095425
2024-01-12,17.510424,19.874826,36.787586,72.20491,28.00216,89.34057,30.650938,31.298187,9.190761,32.17026,37.45777,45.87004,13.153553,9.641667,66.8696,14.651945,26.659838,38.622864,44.956173,56.599133
2024-01-13,17.382223,19.710062,38.087856,72.0662,27.918646,89.25698,30.22707,30.925867,9.185731,31.415659,37.193607,45.89123,13.357178,10.096025,66.29758,14.709034,26.164673,38.35838,43.87273,56.59635
2024-01-14,17.383652,20.490923,35.207806,73.41408,27.467491,91.99504,30.352428,30.993673,9.219475,32.04135,37.15059,46.15288,13.234088,9.555344,66.5447,14.687091,23.591198,39.207863,46.149208,56.93159
2024-01-15,16.838778,21.482002,36.787945,72.75154,28.743597,92.93293,31.317543,30.910248,8.959759,32.249157,35.94411,45.95035,13.181493,9.543366,66.54414,15.065506,23.827177,39.563114,46.458622,58.290287
2024-01-16,17.032475,21.858007,36.4022,73.49182,27.876215,93.90391,31.77078,31.356613,8.889432,32.72765,35.37869,46.40047,13.179644,9.637405,66.260506,14.466058,23.575733,39.453285,44.91555,57.569736
2024-01-17,16.87977,21.192562,35.70629,72.774086,28.192474,95.78678,31.044125,31.049644,8.7886505,33.047844,37.12008,45.691788,13.156009,10.042678,65.92839,14.578348,24.590586,39.828262,45.427498,58.156517
2024-01-18,17.041729,21.308075,35.737156,73.367165,27.753065,94.43789,31.599777,31.309793,8.79506,32.39982,36.555134,45.942127,13.115486,9.357474,64.34464,13.9870615,24.832502,39.762035,44.077984,56.052586
2024-01-19,16.834883,21.005363,35.804234,74.443184,27.483538,93.948166,31.483942,31.282967,8.720233,32.326656,36.611343,46.55093,13.088704,9.351079,66.01252,14.436732,24.782904,39.033157,44.496265,60.695576
2024-01-20,16.382687,20.62339,38.222313,73.935074,28.37297,92.29941,30.624512,30.978504,8.922557,32.20647,36.42385,46.184666,13.107694,9.313735,64.30877,14.380965,24.98708,39.336006,41.592915,61.329563
2024-01-21,17.457573,20.72485,38.13942,74.85554,27.87679,93.13785,30.521673,31.200304,9.120005,32.495018,35.79687,44.696003,13.568369,9.598532,62.236816,14.422131,24.996862,39.17124,40.445004,61.3456
2024-01-22,17.038021,20.917522,37.962917,75.58219,27.816544,94.43659,30.720295,31.3701,9.355171,32.412754,35.918858,45.11592,13.452585,9.765179,62.300694,14.992994,25.767948,39.288525,40.3479,61.86352
2024-01-23,17.298914,21.660044,35.245556,76.56907,27.481861,94.873405,30.486181,31.90649,9.585798,32.592518,34.74677,45.424725,13.411342,9.443581,62.7529,14.94537,26.108793,38.929794,42.598064,58.67914
2024-01-24,17.4822,20.738255,38.177197,76.36194,26.69769,94.800545,30.61126,33.176704,9.607398,33.006035,36.06519,47.2873,13.319885,10.085102,62.010727,14.288505,26.691849,39.609303,43.506165,60.03899
2024-01-25,16.573229,20.96832,37.192886,74.90192,27.438679,94.144936,31.063421,34.533455,9.645415,32.837467,35.716732,48.309673,13.5379505,9.986959,62.579956,14.380411,26.595875,39.512768,42.744797,59.82809
2024-01-26,17.158447,20.802378,36.09236,75.29892,27.463224,94.91902,29.596807,34.112396,9.416332,32.57361,34.921932,45.561577,13.515652,9.724828,61.733925,14.786252,27.141916,37.931007,43.406746,59.28921
2024-01-27,17.576542,21.340721,34.79277,73.66906,27.475613,95.894485,30.298466,34.57821,9.319806,33.26487,35.81657,48.76242,13.950444,9.707811,62.491764,14.699991,27.256254,37.765316,43.056458,58.82299
2024-01-28,17.070133,22.208574,34.83434,74.349396,27.541645,96.99306,30.531487,34.67946,9.231475,33.72008,35.937172,49.69376,13.848231,9.67396,62.61007,14.7806635,27.972412,38.446995,42.994095,59.994427
2024-01-29,17.17581,20.83048,34.99624,74.845726,28.070791,98.70071,29.597853,34.799892,9.342796,34.715412,35.901913,50.203503,14.017776,9.769048,64.317406,14.746967,28.028307,37.18684,43.267033,61.552917
2024-01-30,17.056507,20.755522,35.44684,74.26596,28.402384,97.65344,30.503834,34.503574,9.439792,34.636414,36.34384,50.542812,14.26299,9.852597,64.67374,14.663716,28.16546,39.607815,42.780582,60.514835
2024-01-31,17.347122,22.647856,35.476276,74.07303,28.07324,97.123604,31.342169,34.84511,9.309299,34.469574,37.05603,50.406216,13.985413,9.859041,64.255974,13.996137,28.271132,40.462784,43.0801,60.48018
2024-02-01,17.25514,22.234064,36.0022,71.38191,28.107182,94.40022,32.10428,34.358395,9.385644,31.716898,36.978207,50.164703,13.940016,9.463173,60.63066,13.36392,27.734612,39.730988,42.589535,59.619026
2024-02-02,17.151344,21.796219,35.567345,71.69581,28.120722,92.111206,32.034855,34.407425,9.557919,31.352978,37.478138,50.141006,14.026762,9.797672,61.27527,13.802837,27.257748,40.34832,43.780018,60.128006
2024-02-03,17.54774,22.559053,35.15878,72.16884,28.627789,91.05657,31.583092,34.546745,9.596335,31.566936,38.909725,50.200645,13.944213,9.709269,62.25165,14.215641,27.011969,40.826878,44.15664,59.761936
2024-02-04,17.280827,22.52398,36.93183,70.841354,28.503061,85.35127,32.17196,34.34954,9.484015,30.280554,38.88112,49.902462,13.745657,9.706388,65.42919,14.264261,26.744827,41.05847,43.940716,59.48869
2024-02-05,17.357391,22.042326,34.33468,70.05572,28.998028,83.660675,30.943415,34.19175,9.392914,29.726814,38.916924,50.10712,13.528114,9.90372,62.02948,14.3072605,25.732416,40.8097,43.96071,61.353096
2024-02-06,17.373684,22.489492,38.197693,67.47896,28.568571,83.146126,30.429974,34.40149,8.970703,29.455936,38.88065,50.43861,13.353543,9.587781,60.26675,14.473458,25.777216,40.964035,43.42253,60.620956
2024-02-07,16.918839,22.26887,40.145542,67.954155,27.095188,84.0107,30.819742,35.554333,9.096512,29.4418,38.905464,51.212833,13.742992,9.484752,60.99768,14.431147,25.713896,40.935207,43.140423,61.452023
2024-02-08,17.074047,22.634771,39.82142,68.94061,27.490843,83.938545,30.662086,35.011166,8.872595,29.182562,39.42649,51.507874,13.069011,9.085705,62.087482,14.739824,25.844687,40.522106,43.157845,60.7935
2024-02-09,16.61361,22.429918,39.450783,68.62319,26.971445,83.73543,30.549723,33.928574,8.859718,29.309889,39.474678,50.87602,14.166663,9.073424,61.926277,14.747555,25.843004,39.733654,42.11106,59.205532
2024-02-10,16.783329,22.268658,41.02,70.47116,26.226282,84.143036,30.596466,34.084797,8.898927,30.050226,39.668667,51.68485,14.211359,9.062861,61.801697,14.752209,25.95331,39.799,42.237885,59.04117
2024-02-11,17.10834,22.01362,41.55397,70.24554,26.001451,85.04007,30.627045,34.492237,9.222333,30.084846,39.408,51.665466,13.319458,9.408003,63.469505,14.46176,25.81028,39.58947,42.86223,59.029045
2024-02-12,17.034328,22.178667,40.98684,68.26035,25.951044,86.1504,30.739517,33.986168,9.088297,30.410606,39.785477,51.684147,14.219829,9.565448,65.86728,14.864742,25.769108,39.36045,42.879673,58.81123
2024-02-13,17.097788,22.200397,41.45996,68.72657,26.076958,87.0494,31.185633,35.43492,9.012812,31.394445,39.989513,51.540142,14.159779,9.58189,65.79508,14.720186,25.907215,39.456036,43.115852,58.46278
2024-02-14,16.897606,21.076265,41.012955,67.435585,26.195116,86.4556,30.953844,35.46646,8.894917,31.95711,37.32537,51.17498,14.201654,9.899915,67.25967,14.597686,25.583088,37.173996,42.727985,58.435513
2024-02-15,16.996288,20.817596,40.15942,67.30944,26.033937,85.35915,29.291828,34.800407,8.788276,32.237823,37.764683,50.918274,13.799092,9.855037,67.288216,14.250455,25.285505,37.341812,42.36379,58.63252
2024-02-16,16.767467,20.712027,40.08727,66.70269,25.55747,85.16396,28.571577,34.200203,8.535849,32.558605,37.80642,49.865883,13.694801,9.7935295,65.85113,13.583598,24.974514,40.9893,42.689697,65.05655
2024-02-17,16.082651,19.995026,40.020428,67.90661,26.34968,85.507065,29.001257,34.661087,8.135618,33.692814,35.85155,50.339066,13.580067,9.876777,65.20224,13.718695,28.293137,39.808926,44.608208,63.34608
2024-02-18,16.085003,20.080433,39.234505,68.38534,26.557096,84.83255,28.00809,34.306858,7.6517406,32.66931,36.99133,50.226612,13.059468,9.731816,65.413376,14.582099,26.703995,38.788906,44.01987,62.722057
2024-02-19,15.92101,20.081789,39.20479,67.91998,29.068089,81.14045,27.708841,33.981056,7.710297,30.953037,37.84181,49.615128,12.484365,9.672627,63.599983,14.191193,25.575665,37.528664,41.343548,62.21628
2024-02-20,16.055603,19.84963,38.025948,65.93555,28.77807,90.37892,27.335842,33.63566,7.7297196,32.783638,36.498154,48.599854,12.040273,9.2925005,63.641808,13.927171,24.314054,35.942913,39.89466,61.787407
2024-02-21,16.251451,19.811409,37.334526,62.499767,29.94511,90.12306,27.129797,34.869476,7.7083263,31.187662,35.918213,48.0417,11.988023,9.573394,63.71952,14.440748,24.256035,37.897816,39.18487,61.245007
2024-02-22,15.738631,19.992609,37.361065,63.199345,29.549852,89.85474,26.060266,34.35129,7.644713,30.510336,36.58995,48.694923,12.175833,9.661624,63.392906,14.299941,25.028337,37.719013,38.7222,61.25203
2024-02-23,15.68946,20.546246,37.781574,65.279884,29.5081,89.68135,28.426668,35.29501,7.685533,30.840794,36.449425,48.906876,12.48859,9.595765,63.968178,14.1393,25.650602,37.91027,39.08026,61.96998
2024-02-24,15.865622,21.697496,37.896725,69.73712,29.555716,90.10291,28.81574,34.41973,7.553733,30.84638,37.034443,48.441338,11.972212,9.312372,63.296814,13.80778,24.398525,36.778152,39.3491,60.808994
2024-02-25,16.165186,21.697653,38.832092,67.229385,29.202642,91.56733,29.10944,34.28094,7.6772475,30.721441,36.989315,49.285133,11.8708515,9.406719,63.353676,13.941459,24.976185,37.426174,39.61179,61.149498
2024-02-26,15.960807,21.638863,38.84586,69.37759,29.186256,91.85332,30.111456,34.37421,7.5549498,31.180529,37.0473,51.867958,11.958297,9.667314,63.427624,13.833592,25.439625,37.65165,39.61208,61.24712
2024-02-27,15.41902,21.79689,38.152905,70.2928,28.952244,93.315056,30.899635,34.80883,7.444225,31.04033,36.88373,53.009018,11.970235,9.595517,63.42831,13.783434,25.23871,36.84048,41.54961,62.34016
2024-02-28,16.563562,22.033045,39.067837,67.554756,28.802261,89.958336,30.589228,34.78281,7.310845,30.993282,35.541183,51.351746,12.007813,9.652699,62.6669,13.884029,24.31692,35.79879,41.55695,62.15208
2024-02-29,16.88414,21.68593,39.116394,68.085625,28.557957,90.39198,29.414614,35.11521,7.377999,31.448963,35.289764,52.445354,12.236471,10.232676,63.27213,13.600151,24.695978,36.97785,41.747467,60.679276
2024-03-01,16.814127,21.984385,38.839973,66.805374,28.887493,92.34034,31.285475,34.7178,7.439222,31.575886,35.48174,52.353584,12.120725,10.182753,62.64855,13.803298,24.468151,36.348923,40.95446,61.47238
2024-03-02,16.553614,21.659878,37.784115,66.58169,28.041325,89.66235,32.406292,34.732693,7.4642873,31.286325,36.197445,52.414314,12.242826,9.684341,65.32591,13.546397,24.96163,36.969353,41.603107,59.181763
2024-03-03,16.896196,21.675732,38.15141,71.18401,28.548977,91.036934,31.26646,34.69774,7.485774,30.885206,37.726788,52.41745,12.293028,9.672381,65.26253,13.569018,25.48739,36.794094,41.43523,59.173607
2024-03-04,16.80741,21.626072,38.32751,73.57374,28.076586,91.8618,31.253942,34.662415,7.5350566,29.54862,37.67503,52.329895,12.261824,9.639039,65.53675,13.591218,25.353859,36.870644,41.095215,59.234383
2024-03-05,17.77871,21.949724,37.851704,70.70126,27.826788,91.908745,31.20826,34.30942,7.6026726,29.887043,37.327904,52.15966,12.301586,9.758284,65.23222,13.774859,25.684616,37.25567,40.64211,60.040024
2024-03-06,17.487722,22.127245,37.625595,78.08255,28.527916,98.1153,32.076496,34.762978,7.9029603,29.802626,37.86973,51.308914,12.25656,9.609163,65.534546,14.150131,25.875069,37.12082,40.582268,62.735367
2024-03-07,15.8269615,22.096617,38.861187,79.25397,28.90398,96.56191,31.933054,34.99188,7.77583,30.38774,38.080975,50.764893,12.556874,9.712327,65.67296,14.182383,26.72956,36.861275,41.019295,62.73095
2024-03-08,16.040472,22.310125,39.064606,76.90974,29.594452,96.02793,31.858248,35.290455,7.8450255,31.259167,36.429573,51.30977,12.6136055,9.525666,66.05948,14.388442,25.401625,37.621353,42.235218,62.247616
2024-03-09,15.747783,23.106798,39.98672,76.82025,29.486055,103.14967,31.161081,34.730564,8.0837555,31.063534,37.48703,53.93893,12.589737,9.500606,66.22488,14.39861,24.960178,37.572304,42.15807,61.972694
2024-03-10,16.899954,23.681463,41.77885,71.69669,29.569899,102.86609,31.13244,34.252506,8.092388,31.35444,37.087757,53.529316,12.884369,9.531825,66.5851,13.932222,24.52988,37.41162,42.244205,60.180717
2024-03-11,17.114826,23.616966,43.717144,71.48648,29.719936,103.18179,31.098757,34.30702,8.088772,31.365717,36.601665,53.108788,12.226143,9.484084,66.70188,13.784804,24.410635,37.358734,42.14666,60.05454
2024-03-12,17.11967,23.795086,46.004906,76.77212,29.704714,103.956375,31.147331,34.36434,8.134992,32.135185,37.752617,53.583744,12.846746,9.60669,66.22388,13.922798,24.393925,37.724426,41.597134,61.798767
2024-03-13,17.39772,24.42748,47.060047,77.42122,29.916008,100.80312,31.615131,33.99552,8.069609,32.994423,37.997723,53.053326,12.562061,10.119878,65.447556,14.189327,24.755033,37.81689,40.706734,61.760788
2024-03-14,15.993227,23.551254,48.01414,77.37004,30.20264,98.53157,31.42522,34.268024,7.966173,33.055603,38.70017,53.443077,11.916431,10.241032,64.62266,13.851158,25.243368,37.46034,41.14394,60.87496
2024-03-15,16.540905,23.736088,48.396748,78.231895,30.663647,103.927635,31.70637,34.240063,7.9571605,33.313,38.60692,53.42633,12.12925,10.435903,65.2945,13.619672,24.921755,38.083225,40.993946,61.416367
2024-03-16,16.471054,25.478737,50.722507,78.271126,30.640705,104.42983,31.992617,34.24186,8.08044,34.113438,38.854736,54.874493,12.276654,10.89612,66.2633,13.687568,24.049332,38.412025,43.393604,61.369095
2024-03-17,15.858548,25.48426,51.729225,81.00571,30.52445,108.807335,32.31766,34.293064,8.109196,35.35147,38.589844,55.376938,12.284836,11.049476,66.592545,13.892547,26.87185,40.600826,45.003445,62.796528
2024-03-18,15.878539,25.914831,51.09287,76.01901,30.92638,109.81688,32.572205,33.312912,8.221131,35.669353,39.175392,55.342415,12.505156,10.396293,69.9696,14.361584,26.772457,41.749645,45.597694,65.28058
2024-03-19,16.23646,25.80356,50.157436,75.94768,30.478968,108.96458,32.58615,32.685078,8.212842,37.17106,38.493828,54.302094,12.258808,10.417357,64.75029,14.404631,26.33181,42.15054,46.238216,65.04519
2024-03-20,16.714527,25.998648,50.8798,75.14881,30.512962,112.60181,34.128593,35.171818,8.271082,37.234203,39.27006,54.890114,12.452039,10.466862,69.92728,14.184027,26.768372,42.489193,45.60628,63.832138
2024-03-21,17.628704,26.50025,51.696293,75.42642,30.965551,112.61476,34.00439,34.790142,8.083346,37.305653,39.02816,54.0689,12.500339,10.313602,71.585365,14.423473,27.17562,42.596916,44.884403,61.534893
2024-03-22,17.660877,26.307926,51.184452,74.75661,30.788193,110.09687,33.664288,35.676205,7.8036046,37.705074,38.567875,55.051937,12.6895685,10.8123045,68.50773,14.195066,25.847342,42.408,45.989285,62.518623
2024-03-23,17.097528,26.74316,51.984055,76.45603,31.174932,113.09017,33.804977,35.452953,7.904938,37.84565,39.746674,54.32913,12.623299,11.173617,65.75865,14.502419,25.721613,42.51778,44.356274,61.63677
2024-03-24,16.965542,25.345045,52.05709,76.30083,31.068277,115.355,34.552795,35.653202,8.342849,38.137047,37.17073,54.174927,12.212658,11.058699,64.64725,14.717696,26.115726,43.004845,43.539394,61.898415
2024-03-25,16.913975,25.774271,53.59805,76.73701,31.1531,116.09781,34.75595,35.75922,8.520345,36.985245,37.523365,54.794415,12.262147,11.2629175,67.79069,14.872144,25.630037,43.40029,42.9025,62.073868
2024-03-26,18.472254,25.741734,52.791252,75.56682,30.308088,110.28004,33.579617,35.578083,8.115072,38.04851,36.018433,55.54286,12.239344,11.203365,65.56998,14.697711,24.926723,42.470253,42.463314,61.872902
2024-03-27,18.310442,25.396553,52.754135,75.35143,30.667055,109.72212,33.40372,35.95634,8.073919,38.836678,35.39695,56.42565,12.307518,11.190741,66.73365,14.823834,24.722055,42.634014,42.673176,62.46956
2024-03-28,17.432135,26.904852,54.668373,75.47125,30.580282,110.27185,33.766617,35.791927,7.9323864,39.688557,38.422874,53.48874,12.813172,11.323135,66.2925,14.530465,24.481714,42.727837,42.641346,63.01905
2024-03-29,18.511301,28.148985,53.138706,74.27401,31.118332,109.72577,34.74353,35.382164,7.9545693,39.73403,40.244965,53.967384,12.922295,11.128088,63.715996,14.979039,24.48787,43.54593,41.949734,62.004635
2024-03-30,18.438437,28.584476,54.72897,74.21837,31.049545,117.15013,35.082027,35.35957,8.049785,37.767963,38.347233,54.67216,13.113411,11.594692,64.56132,15.117211,24.519865,44.25813,42.84465,62.892628
2024-03-31,18.365263,27.908411,55.656128,72.38801,31.025911,119.112495,35.038273,35.46508,8.25386,38.022724,38.221146,53.09936,13.1544485,11.926937,65.90144,14.205155,24.160383,45.391155,42.52453,61.311703
2024-04-01,18.194773,27.892807,55.245525,75.17335,30.859722,120.46382,34.659657,35.051937,8.284051,36.61902,37.035942,54.103497,13.218432,11.984291,65.85793,14.227959,23.718124,44.03375,40.47573,60.759087
2024-04-02,17.665222,27.869741,56.16991,75.123985,31.121632,114.582466,34.712166,34.958195,8.250996,39.91887,40.33313,53.74887,13.215984,11.959658,65.24347,14.138999,23.37762,43.482384,40.469936,59.481262
2024-04-03,18.199898,26.544788,55.603058,75.93933,30.755768,117.7842,35.110855,35.422035,8.1602955,40.36482,39.607174,56.885925,13.228685,12.161946,65.838234,15.274059,23.790327,43.41971,39.62499,60.214813
2024-04-04,18.27075,28.213913,55.664726,75.456345,31.13091,117.53003,35.12631,34.98751,8.307919,37.92445,39.757603,58.290173,12.953298,12.1788435,68.11562,13.693587,24.11232,43.107357,40.211517,59.371017
2024-04-05,18.658144,27.848598,54.845665,77.30329,31.412836,121.62529,32.89667,33.63185,8.258165,38.544792,40.233433,58.3338,13.527472,12.865475,67.52326,15.595817,24.158699,45.21693,40.30784,59.55157
2024-04-06,18.526009,27.827131,54.968925,76.51299,31.130129,123.896355,32.634045,33.518257,8.522078,38.717762,40.075153,57.83703,13.426271,12.839541,67.67441,15.578829,24.882713,44.993034,40.968006,60.499046
2024-04-07,18.216917,27.956,55.26776,76.7075,30.960674,126.22037,32.580376,33.407486,8.643333,38.51933,40.368996,57.57919,13.335858,13.273818,68.39874,15.538646,24.895714,44.705692,41.01208,60.65028
2024-04-08,17.988686,27.135696,56.151814,79.2472,30.91915,127.82425,32.44612,34.802246,8.581988,38.899986,40.490845,57.955917,13.354422,13.652332,64.43035,15.572617,24.820679,43.277325,40.764645,60.138515
2024-04-09,18.805338,28.639761,56.245586,75.852,31.039255,131.66808,32.23326,34.611378,8.689415,39.99105,40.734497,57.74416,13.26516,14.066366,64.02843,15.83618,25.12681,43.667034,41.046814,59.43057
2024-04-10,18.624403,29.252825,56.563976,76.893616,31.26758,136.51054,32.296093,32.675293,8.549958,40.785625,41.625008,58.611294,12.726291,14.26485,65.30347,15.055573,24.514317,43.383926,40.747143,60.93235
2024-04-11,18.87567,29.842882,55.719288,77.74505,31.283892,138.14929,33.215195,32.939034,8.460739,41.200703,42.234318,59.62669,13.3635845,14.411027,64.87151,16.492832,24.565626,41.06507,40.5951,59.409378
2024-04-12,19.00303,29.50717,56.340366,76.991356,31.105387,140.48192,34.21873,35.134544,8.267766,41.621037,41.948753,60.092247,13.185091,14.374777,63.222775,16.318243,24.33385,43.394505,40.451595,60.287113
2024-04-13,18.773304,29.511524,55.85527,76.87313,31.740816,145.26149,34.53032,35.90635,8.301479,42.07494,41.36504,60.118397,13.286809,14.500883,64.39675,15.883039,24.289347,41.154346,41.113728,59.165413
2024-04-14,18.22677,29.594282,59.40693,77.19045,31.341593,150.71255,34.81474,36.02839,8.576383,41.602745,41.354404,60.659096,13.126278,14.554723,61.917126,15.931984,25.011333,41.317665,42.46841,59.64369
2024-04-15,18.261967,29.579966,61.72075,77.534294,31.178747,147.7951,34.961502,33.992947,8.684658,39.670746,41.18528,60.88011,13.312656,14.560008,62.15321,15.738608,24.938131,41.32529,43.12696,59.6789
2024-04-16,17.789232,28.807692,60.569496,76.42707,30.936968,142.39629,34.40544,35.194138,8.54132,40.66652,39.890697,58.607338,12.698911,14.58508,62.314774,15.034006,24.290401,39.63638,41.660313,58.8238
2024-04-17,17.395676,28.370962,59.984833,78.345,28.81095,138.93677,33.867096,33.196167,8.904788,36.55601,39.172,57.85472,12.662407,14.701606,61.890274,14.716541,24.866642,39.9933,42.6804,58.79176
2024-04-18,17.731234,28.492033,61.199215,77.625854,29.262701,143.05962,34.506046,32.8854,9.095138,37.306915,39.578163,58.967762,12.627673,15.049454,62.266212,14.989603,25.343771,40.44776,43.02553,60.03022
2024-04-19,17.55968,29.135075,61.27632,77.35105,29.768608,144.84918,34.82029,33.239014,9.2155,37.616093,39.54702,58.973297,12.663147,15.17585,63.82391,15.133304,25.339436,40.48716,43.240086,59.88513
2024-04-20,17.410786,28.478785,60.95575,77.41408,29.545347,146.56598,34.71166,33.205975,9.231816,37.81532,39.275745,58.358578,12.565051,15.181775,63.71597,15.108491,24.999441,40.455875,44.80556,59.738995
2024-04-21,17.527628,28.383732,61.41844,77.17476,29.661993,156.95576,34.821175,33.012604,9.105648,38.57764,39.328472,59.057007,12.120967,15.424106,65.19383,15.20459,24.778467,40.58959,44.534904,61.251377
2024-04-22,17.431744,27.843355,61.41347,75.78618,29.830343,166.52345,34.93152,33.071606,9.165226,38.367863,38.586643,59.823643,12.37163,14.961124,65.36497,15.799693,24.724825,40.602192,44.212376,61.02104
2024-04-23,17.617712,28.348127,62.09163,78.62148,30.295752,172.0067,34.975914,33.4982,9.135175,40.632942,39.77658,60.4191,12.1889,15.02203,65.5439,16.012896,23.039766,41.078426,41.931118,61.675163
2024-04-24,17.787207,27.602972,61.57383,75.99884,30.465534,181.74619,34.477196,32.336956,9.324907,39.106037,39.625076,59.001415,12.010687,15.465424,66.32873,15.536908,25.003033,40.165443,44.894424,61.684586
2024-04-25,18.278019,27.396238,61.845543,75.9969,30.120937,181.10786,32.847942,32.235447,9.174846,38.82484,38.856976,59.47421,11.944749,15.34478,64.361595,15.105842,25.05823,38.69234,44.650738,60.97338
2024-04-26,18.583517,27.064564,61.34347,72.31274,28.449774,184.93646,33.03437,32.668118,9.300143,38.574112,39.166393,58.108852,11.888173,15.246736,63.138813,14.864535,25.443262,39.317535,43.40011,61.636375
2024-04-27,18.387941,26.588007,61.247868,72.6422,28.273146,178.50069,32.719505,32.309315,9.206183,40.04194,37.71956,58.438446,11.629993,15.361152,62.57033,15.07634,25.570795,39.81966,40.584305,61.233154
2024-04-28,18.313559,26.6181,60.86493,72.56612,28.239273,178.29584,32.735874,31.157818,9.02866,40.045727,37.723183,56.88732,11.707142,15.352904,62.329628,15.055686,23.990904,39.644352,41.026012,60.211266
2024-04-29,18.054255,25.73145,60.615604,72.92232,28.685795,177.2079,33.009335,31.100039,9.967617,39.57359,37.659023,57.63343,11.68576,15.456682,62.4318,14.947922,23.870922,39.76267,41.131626,58.475307
2024-04-30,17.218538,26.112148,59.876736,73.35136,28.462847,169.3448,32.897278,31.893984,10.339084,39.531643,37.647644,56.788986,12.08331,15.40616,61.02639,14.833769,23.761267,39.48374,41.522476,58.38076
2024-05-01,17.009064,26.791426,59.78543,73.9604,30.314419,163.58789,32.880905,31.88621,10.381906,39.944927,38.37682,55.48281,11.990771,15.412366,61.214977,14.802827,23.816496,39.353786,41.63998,58.509575
2024-05-02,17.068075,26.809471,58.31155,74.29524,28.422174,159.88289,32.07571,32.958897,9.957183,40.312244,38.46753,55.850677,12.077568,15.4417925,61.30657,14.910572,23.979773,39.304115,41.74898,58.782173
2024-05-03,18.091818,26.992767,57.764492,75.387474,30.690405,156.29083,31.951313,33.14992,9.620951,39.891922,37.998062,56.234184,12.651219,15.569482,58.635464,14.941272,23.938326,38.333866,41.901707,59.649456
2024-05-04,18.398252,26.25861,57.86612,75.19475,30.771181,156.01599,31.913568,32.965992,9.54828,39.68084,38.54565,55.75157,12.199661,15.7130575,59.279743,14.779555,23.843159,37.938843,42.55744,57.762848
2024-05-05,18.401558,26.247372,56.006287,74.96866,30.677086,159.98817,31.066854,33.150097,9.511906,39.03787,37.410297,55.593258,12.17915,15.76629,59.339165,14.711512,23.082466,38.284195,42.596863,58.068203
2024-05-06,18.328377,26.463724,56.29034,71.07774,30.619726,167.11403,31.134436,33.432186,9.31114,38.8532,39.467697,55.26816,12.231342,15.78961,59.381256,14.681744,24.948338,37.247234,42.46111,57.998177
2024-05-07,18.200106,25.51649,55.64889,71.12179,30.271618,173.37152,32.344604,32.88158,8.929635,36.082027,39.579884,55.228157,12.038688,15.81785,60.821575,14.624011,24.996727,39.1178,40.892612,58.54461
2024-05-08,18.6681,26.14653,55.960224,74.263145,31.169218,169.93758,31.930723,34.057804,9.329883,38.226017,38.97287,55.467648,12.209986,15.827969,58.6515,15.185182,23.618185,38.822857,41.450108,58.51444
2024-05-09,18.730368,28.04387,55.116398,71.99458,30.822681,164.87949,32.037827,32.85634,8.815551,38.62572,39.490017,56.595066,12.101653,15.796724,59.29697,13.777669,25.14648,38.737312,40.746376,57.741245
2024-05-10,17.501684,28.010647,54.56781,70.84264,30.367092,163.61783,31.415075,33.04748,8.743412,37.918385,40.06358,56.659225,12.1199875,16.220247,62.166836,14.005175,23.901888,40.24977,40.506428,58.077427
2024-05-11,19.145395,27.877222,53.88028,71.980255,30.301151,156.94579,31.792818,33.8541,8.765109,38.32862,40.129517,57.293583,12.307621,16.282452,64.69613,14.023133,23.859648,39.707115,41.9529,60.066364
2024-05-12,18.690126,27.979994,53.692173,73.60038,30.337652,148.56113,31.969494,33.82399,8.515379,38.374294,40.168346,57.37867,12.150641,15.330959,64.46829,13.565888,23.57375,39.43847,41.741417,60.45057
2024-05-13,18.88346,28.03787,52.79115,73.4743,30.331797,149.3322,32.279,33.536755,8.157139,38.59081,40.167187,57.652164,12.174873,15.277292,64.25573,15.312371,24.009535,39.185795,41.847042,59.971863
2024-05-14,18.084002,28.119246,52.30302,73.82082,29.945662,152.65672,33.723145,32.904938,8.2725115,38.738388,40.151722,58.754673,12.117384,15.280226,63.54731,13.956302,23.753712,39.480904,42.23862,59.209145
2024-05-15,18.129835,28.663698,54.937252,73.331566,30.567842,143.24722,33.09592,33.187756,8.995708,39.55768,40.63564,57.916576,12.242393,14.607146,64.031975,14.092956,23.600561,39.61396,42.069252,59.806194
2024-05-16,17.918253,28.90596,53.65835,72.06719,30.15836,138.66785,32.6316,32.674248,9.509198,39.05065,40.49892,57.285564,12.201757,14.5978775,62.66337,15.174353,23.416656,39.57217,41.170887,59.660564
2024-05-17,17.303446,28.69457,52.405067,72.643234,29.73424,134.3192,32.379925,31.396326,9.267594,39.6672,39.895535,56.654583,12.13784,14.52955,63.15074,14.933031,23.025858,37.96555,40.364124,58.748512
2024-05-18,17.205864,29.300106,52.09415,71.06711,29.536116,128.22696,31.148365,31.871042,9.012192,39.279816,40.11247,57.067112,12.256695,14.551288,63.114002,15.106409,21.7746,41.847694,40.518124,58.96982
2024-05-19,17.110186,28.878302,50.07463,67.15295,28.96174,124.50093,30.762197,33.38555,8.853532,38.08918,39.57432,59.370773,12.147209,14.300631,62.935547,14.379922,20.052261,41.924995,40.061302,59.63177
2024-05-20,16.99563,28.611917,49.76433,74.51505,28.758274,124.70034,30.51489,33.348717,8.812861,37.708954,39.48708,61.610783,12.196915,15.019582,63.218075,14.34596,18.929106,41.617043,39.764565,59.520054
2024-05-21,17.010057,28.135757,47.923626,74.74556,28.455173,125.53024,31.205925,32.788445,8.8655,37.071053,39.319027,61.245705,12.11655,14.381829,63.70245,14.243525,17.129583,40.945015,40.050602,59.18618
2024-05-22,17.458687,27.81268,47.161644,73.03004,28.559223,117.606865,32.337227,33.540184,8.879453,36.681736,39.13807,61.978806,12.356372,14.396311,63.53027,14.256368,16.062674,40.9843,39.45145,59.467854
2024-05-23,17.632753,28.894892,46.824596,73.19749,28.96476,114.52884,33.349987,33.16804,8.150283,35.545425,40.205925,58.47326,12.337525,14.256613,67.05643,14.048294,15.140275,40.22586,40.919697,58.522175
2024-05-24,17.655157,29.291502,46.455067,76.91972,29.323141,118.48871,32.478798,32.99768,8.078217,35.775265,40.55956,61.791317,12.640818,14.298932,63.67034,14.392311,15.121834,40.900513,40.698895,59.125797
2024-05-25,17.417877,28.723461,47.34419,75.55799,28.910553,119.18471,31.810663,33.043335,8.210692,34.378273,39.78882,58.24534,12.3948,14.852058,63.19013,14.5363655,14.427052,41.789783,39.890453,58.34935
2024-05-26,17.434101,28.574604,47.583164,75.86695,28.547253,121.46912,31.829018,32.64962,8.258141,33.73715,39.38549,57.62078,12.318968,14.845416,61.65483,14.417878,14.64504,41.972595,39.617992,58.212337
2024-05-27,17.368874,28.441244,47.843674,75.96267,28.562,121.57239,31.944399,32.28581,8.002555,33.929173,38.954716,58.75831,12.215495,14.636595,61.56098,14.158553,14.264049,42.00226,39.83191,58.17673
2024-05-28,17.523151,28.696865,49.446182,77.706535,29.010458,125.49046,32.21991,32.602337,7.776812,34.14596,39.504807,61.251133,12.492227,14.85243,61.54342,14.327182,13.990971,42.599266,40.27323,59.647514
2024-05-29,17.807816,28.822412,50.82877,78.12388,29.124859,126.29055,32.494633,32.536255,7.9271345,34.447025,40.223953,58.53841,12.678769,14.926264,61.28922,14.533041,14.002471,42.35407,40.46593,58.09394
2024-05-30,16.779806,28.733727,50.57102,78.05595,28.947725,126.36852,31.868795,32.74449,8.063218,34.524208,39.927265,63.12283,12.599873,14.820156,62.126755,14.41792,13.807245,42.43624,41.133938,60.35224
2024-05-31,17.268866,28.640936,49.71477,76.59612,28.279512,125.42012,32.32972,31.82204,8.364732,34.62826,39.21454,62.049076,12.801964,14.897534,61.77492,14.51827,13.5727825,42.35922,41.50087,60.423954
2024-06-01,18.634827,28.939352,50.43711,78.57869,28.210667,126.92854,34.17581,31.467684,8.402716,34.86432,39.461277,62.39671,12.779705,14.20011,62.052517,14.585944,13.513414,42.072716,43.271553,59.95562
2024-06-02,18.1387,28.818499,49.735344,78.92616,28.615696,128.32507,34.162052,32.276676,8.208213,34.490383,39.227688,62.587963,12.826929,14.161823,65.0563,14.626715,13.350411,42.010174,43.417656,60.957127
2024-06-03,17.32725,28.678818,47.706474,77.67389,28.729675,122.6791,34.262817,31.168184,8.074587,33.431606,39.105663,59.994606,12.751595,14.0309515,64.83917,14.429208,12.911955,41.10786,43.35908,60.88265
2024-06-04,17.562294,28.729738,46.397137,74.870705,28.653019,117.75509,33.5382,33.339672,8.151139,33.89103,38.61972,59.97089,12.759933,13.44217,65.540115,14.399996,12.810075,40.351677,43.297947,61.371227
2024-06-05,17.636633,28.427534,45.64832,75.4747,28.466713,119.66409,34.274944,33.942978,7.963202,33.8551,38.231297,63.286907,12.756697,14.348328,66.70352,14.187702,12.778189,40.915077,42.409378,60.426754
2024-06-06,18.43786,28.541145,44.830936,79.181046,28.973238,120.27774,33.78758,34.353916,7.970339,34.107662,37.959274,63.049953,12.577552,14.415759,63.42652,14.027077,12.365592,40.14557,42.41165,58.35178
2024-06-07,18.548864,27.940872,44.02422,79.744965,28.409525,114.413216,33.316273,33.929928,7.7880154,34.079185,37.810936,62.52574,12.54351,14.459538,63.770264,13.652117,12.234125,39.588787,40.782677,57.7011
2024-06-08,18.211653,28.702732,43.76644,74.845764,28.716724,116.82616,33.39294,33.754982,7.7943177,35.507927,37.764942,63.558247,12.777702,14.578749,68.65499,13.533538,12.402437,39.729923,42.305603,59.038166
2024-06-09,17.791695,28.865904,43.906525,74.54759,28.523632,117.13295,34.3249,33.575714,7.7535067,35.746452,37.7085,64.644966,12.683402,14.748701,70.14142,13.609583,12.455133,40.419003,42.9788,59.36418
2024-06-10,17.531237,28.954374,41.69408,71.08033,28.406921,112.43315,33.67125,33.51927,7.6663985,35.32225,37.506317,64.11689,12.340081,14.328091,70.03748,13.603693,12.225411,40.0299,43.05354,59.374325
2024-06-11,17.548792,29.217318,42.48451,72.69953,28.058193,117.4652,34.641663,34.363747,7.540146,35.766296,37.797478,59.61211,11.986882,14.425625,69.395,13.792218,12.191664,40.25934,44.60073,59.36329
2024-06-12,17.72817,28.674057,43.196148,74.23873,28.62345,117.797195,34.659515,33.928783,7.5975885,35.479965,38.242123,62.777447,11.878456,14.21897,69.62157,13.589968,12.085719,40.288097,42.74166,60.418438
2024-06-13,17.426315,28.375738,43.656624,74.86253,28.646896,115.28932,33.948574,34.306725,7.5969524,35.967506,38.266552,63.74758,11.965233,14.353752,69.577034,13.720075,12.45164,40.7345,42.03546,60.143932
2024-06-14,17.41612,29.054966,44.194534,74.512405,29.16831,114.20278,33.689568,33.97745,7.6756907,36.31504,38.498703,60.158115,12.084256,14.257129,69.951164,14.064475,12.469243,39.928688,42.920105,60.68328
2024-06-15,17.112757,28.275116,42.861057,75.18278,28.699963,112.15591,33.734898,34.05373,7.698586,34.81051,37.969097,60.589077,11.81341,14.005404,70.043785,13.85096,12.829456,39.656147,42.507008,58.46467
2024-06-16,16.962833,28.101625,42.41148,75.545456,28.327852,110.33453,33.689915,34.67207,7.6431212,34.382515,37.849613,60.78797,11.663777,13.928933,70.19325,13.842157,12.448744,40.80273,42.35129,60.128
2024-06-17,17.091215,27.940535,42.007507,75.49848,29.041792,110.10115,34.040646,34.62154,7.4412384,34.190773,37.230602,60.388218,11.947792,13.748128,69.69837,13.738093,12.092468,40.22501,43.48808,59.317356
2024-06-18,16.740458,28.644983,44.266876,75.85827,28.377848,112.9627,34.369247,32.666283,7.3524075,35.14154,37.978592,59.412365,11.32103,14.099926,69.166306,13.680048,12.424994,40.193462,43.596058,59.608067
2024-06-19,17.781227,28.500507,44.645054,76.830864,28.668436,113.01038,35.41317,32.180492,7.382094,36.118706,38.429367,62.01144,11.707983,14.061897,70.15492,13.916264,12.632362,41.01855,44.115414,59.478416
2024-06-20,17.689096,29.418468,44.70158,75.76904,28.638952,113.49186,35.662567,32.70954,7.4068747,36.451424,38.737446,61.78797,11.515156,14.434441,69.79187,13.794159,13.23866,40.03457,43.95885,57.552517
2024-06-21,17.678295,28.821339,45.188374,73.825386,29.081444,111.433205,35.808083,32.39472,7.546467,36.002026,38.20457,62.187725,11.457961,14.180727,68.392845,13.602341,13.319313,40.13112,45.16292,57.232094
2024-06-22,18.085445,28.905935,45.951355,73.9424,28.995707,111.88427,32.901585,32.163647,7.4811473,37.205482,38.28588,60.648148,11.961551,14.247148,69.633766,13.736609,14.158192,40.597935,42.82772,60.22632
2024-06-23,18.081375,29.208096,45.295273,75.71171,29.155378,112.43865,32.751335,33.523243,7.66112,37.3437,38.586246,62.379143,11.987831,14.806012,69.552414,14.295894,15.279197,40.853943,43.13267,63.011772
2024-06-24,17.74607,29.166582,45.895016,75.84636,29.662663,117.443634,32.878334,33.699158,7.698298,37.114246,39.646503,62.77674,11.922412,14.796117,71.065125,14.283663,15.518832,41.39604,43.176975,63.27241
2024-06-25,17.746538,30.087173,45.325527,75.15748,29.427586,116.4071,31.476683,33.43487,8.095156,37.662357,39.113674,61.810127,11.718973,14.878538,71.313354,14.037311,15.213462,40.818188,41.701183,62.720985
2024-06-26,18.04826,29.773348,45.480736,75.30283,29.592182,116.48497,32.6777,33.92237,8.188755,38.395416,39.614944,63.1195,11.6384735,14.919526,69.77398,14.464378,15.859561,41.299515,42.34399,61.75367
2024-06-27,17.923035,28.579697,47.766613,75.88893,30.284147,116.90288,32.120373,34.85953,8.227759,39.50548,40.98483,62.7698,11.569498,14.887696,69.57944,14.413479,16.050014,41.101116,42.20856,61.474037
2024-06-28,18.043306,29.041271,48.39557,73.72416,30.602037,118.20834,32.116226,35.332558,7.977895,39.943993,41.67446,62.18719,11.7223625,15.164575,68.987076,14.363291,15.767139,41.54412,44.236828,61.582417
2024-06-29,17.819366,28.834877,48.272297,74.78176,30.353212,118.54999,31.910542,35.096115,7.9859014,39.82747,41.438694,63.096794,11.559979,14.948982,66.78694,13.775491,16.128162,41.55611,43.770447,62.685043
2024-06-30,17.786474,28.191767,50.00726,74.195114,30.405869,121.04748,31.794346,34.393764,8.059707,39.63105,41.43988,63.660477,11.939101,14.993108,66.48925,13.3033905,16.222647,42.16159,42.936886,62.468414
2024-07-01,17.799479,28.340763,49.163383,74.41136,29.469103,123.51372,31.931988,34.443405,8.138684,39.732227,41.620186,66.23892,11.912909,14.829566,66.24064,13.249374,16.038294,42.189034,42.940205,62.42957
2024-07-02,17.206818,27.317293,47.65038,74.57088,29.52125,127.72844,35.08886,33.662834,8.102938,40.385944,41.83609,65.736,11.838403,14.414243,67.07867,13.362821,15.897631,42.757835,43.509094,60.250362
2024-07-03,17.409782,27.043726,49.07532,74.54045,29.282581,128.37744,34.665157,33.384357,7.935047,40.041527,40.639477,65.116104,11.469752,14.266301,66.59015,12.924744,15.367799,42.26497,42.93291,59.13708
2024-07-04,17.13003,28.803799,48.035526,75.25188,29.901102,127.202866,35.15499,33.453926,8.048613,40.393993,41.10714,63.73074,11.325552,14.267376,68.87636,13.1540785,15.61782,42.77744,43.683132,58.57134
2024-07-05,17.338589,27.176844,47.26827,72.595406,29.690113,123.52506,35.34386,34.57744,7.9647975,40.454,41.37259,67.55967,11.237406,14.429872,67.525024,12.983184,16.072718,43.054276,43.8132,58.082726
2024-07-06,17.524052,29.040567,46.74358,73.31,30.141544,119.243454,36.05637,34.247986,8.014032,39.763584,40.922394,67.53869,10.994201,14.375816,66.72822,13.01401,16.266764,42.4474,44.625214,56.204296
2024-07-07,17.461832,29.815796,47.12633,73.6513,29.558233,117.34925,33.02155,34.28503,8.002128,38.396076,40.799046,67.4433,10.887199,14.2770405,66.956924,12.891853,16.765541,40.693836,44.580776,59.459717
2024-07-08,17.47355,29.845615,46.45718,70.46069,29.25221,113.80835,33.453823,34.21216,8.048239,38.195778,40.565685,67.97263,11.0600605,14.213948,65.2737,12.770811,16.445656,40.409245,45.399807,60.967667
2024-07-09,17.665815,29.706936,46.30512,73.25156,28.918373,114.201836,32.862118,33.307613,7.9701986,38.03738,40.353313,65.17933,10.985327,13.88022,65.5497,12.824825,15.784317,40.80184,44.884834,58.188572
2024-07-10,17.862778,30.014242,45.423485,70.75945,28.968124,113.06859,35.11615,33.302124,7.9895473,37.288544,39.77652,66.53308,11.103254,14.087323,64.48222,12.78275,15.860268,42.623917,44.512733,58.00888
2024-07-11,17.584003,29.018036,43.72263,75.861534,28.991789,114.03171,34.914818,34.871033,7.9806414,37.52167,40.01901,63.779346,11.004881,13.950365,68.23793,12.717326,16.146412,42.543533,43.591938,57.30488
2024-07-12,18.14058,29.468393,43.786613,76.995094,28.881996,113.21983,34.80832,35.201954,7.6637454,36.84917,39.743244,64.54618,11.12475,13.825291,70.25408,12.754261,15.935762,42.03827,43.506275,58.79762
2024-07-13,18.298672,29.249657,43.04055,75.971405,29.086046,114.20995,35.316364,34.668056,7.46533,36.74428,39.81102,63.322647,11.044362,13.944573,70.35044,12.844708,15.52659,42.430637,42.483673,60.313732
2024-07-14,17.784817,29.25385,42.984478,75.51545,28.99282,115.7248,35.19616,34.234337,7.6864314,35.957283,39.867374,63.333443,11.072621,14.054204,70.36195,12.839844,15.473409,42.04934,42.218258,58.556793
2024-07-15,17.783915,29.271217,43.449684,71.986046,28.945517,117.9601,35.5447,34.0372,7.724513,36.17046,40.00343,63.746437,11.058626,13.974998,70.3399,12.969737,15.4895115,42.003147,42.329086,59.72259
2024-07-16,17.813444,29.581255,43.915443,73.51933,28.67788,120.98632,35.38566,34.50613,7.8058863,38.04108,40.010532,62.733253,11.226064,13.783687,68.74793,12.875929,16.25333,41.100082,43.824673,60.308872
2024-07-17,17.824802,28.881096,44.22744,73.303825,28.70033,122.49921,33.46058,34.503372,7.992492,37.895893,40.31693,62.467945,11.256309,14.354862,68.58745,13.021114,16.097229,42.37958,43.741913,60.686684
2024-07-18,17.426035,29.679035,44.132427,72.27602,28.634348,116.06128,32.75673,33.202114,8.02294,36.158714,40.03692,64.90425,11.268416,14.12824,67.69081,12.896095,15.744524,42.664177,42.616245,57.82441
2024-07-19,17.52154,30.245869,45.2154,73.04222,27.6748,114.33435,32.69806,34.74746,8.01112,35.932606,39.810635,66.92307,10.986818,14.095499,67.84144,12.642112,16.161076,42.22536,41.967697,57.85696
2024-07-20,17.2242,30.172808,48.940346,73.37867,28.468494,119.39884,33.493313,34.74961,8.195185,36.171425,39.853565,65.15177,11.189683,14.561925,67.89666,13.2426405,16.83666,40.919285,42.37531,58.66519
2024-07-21,17.094677,29.849989,50.45905,73.884964,28.330637,127.72042,32.51984,34.985874,8.201082,35.45117,39.77041,65.04249,11.174111,14.661823,67.831955,13.156322,17.22647,40.144867,42.374306,58.704548
2024-07-22,16.904657,29.6536,51.08792,72.31013,29.12032,129.95361,33.277977,33.19786,8.259194,35.15513,39.00394,64.97928,11.169919,14.631608,69.76798,13.346806,17.931055,41.213993,42.649597,58.996937
2024-07-23,16.789492,28.284039,51.05474,74.530365,29.718874,133.60924,32.87761,34.242134,8.23482,35.113434,40.22468,62.430546,11.052019,14.57193,68.70543,13.640586,17.84837,43.61951,40.92338,59.476
2024-07-24,17.022203,28.63873,52.211678,74.07296,29.759666,132.47485,33.251675,34.674454,8.200584,36.920204,40.81723,62.785995,11.349905,14.404624,67.85484,13.794649,18.431314,42.160213,41.36551,58.393703
2024-07-25,17.19765,28.321257,51.5069,74.73399,29.615599,123.521286,32.846275,34.64624,8.236717,36.5727,39.16937,62.66987,11.143725,14.485265,68.071625,13.591979,18.368494,40.75139,41.375587,58.730392
2024-07-26,17.051987,30.129068,52.335514,73.69467,30.088749,131.487,34.31243,34.693287,8.293578,36.082848,40.26957,63.237602,11.298212,14.67632,66.855545,13.426613,18.60976,40.87772,41.451294,59.373596
2024-07-27,17.61374,29.09598,52.353592,70.83377,27.53602,125.67939,34.144577,34.801785,8.387355,37.072277,40.607414,64.42219,11.358966,14.512913,67.910355,13.489964,19.826176,41.50733,41.78164,58.97386
2024-07-28,17.568642,28.008804,52.109146,71.65401,28.498459,126.210014,34.63802,34.711967,8.674447,37.75465,40.855236,66.59487,11.443571,14.4598255,67.62013,13.488355,20.959013,41.89052,41.989563,59.39071
2024-07-29,17.63774,28.023834,50.77265,72.730804,28.675947,130.46423,34.84671,34.788452,8.438101,37.013893,40.84731,64.65368,11.525118,14.39913,68.103745,13.376652,19.943678,41.84412,42.116657,59.422344
2024-07-30,17.680723,28.287573,49.559467,73.95951,29.218395,129.74203,34.78321,35.507416,7.8449154,37.850864,40.29609,63.09121,11.472174,14.524082,68.32256,13.240073,20.660234,42.960224,40.757656,60.03279
2024-07-31,17.394398,28.818562,48.61156,73.3242,29.564602,130.59598,34.738857,35.53466,7.796472,38.22881,40.01555,63.84371,11.68372,14.504585,72.07962,12.971734,21.007313,41.550987,41.11941,58.447536
2024-08-01,17.718966,28.624752,45.60931,75.8189,27.971098,123.258064,34.298412,35.540474,7.8903437,38.045906,41.052147,62.548702,11.606032,14.797061,64.43793,12.569705,21.438528,39.471874,40.478302,64.17031
2024-08-02,17.383379,28.19931,45.419098,75.02897,26.85927,121.73683,33.82088,35.56196,7.9691234,37.532917,40.802723,61.80399,11.594458,13.949321,70.14491,12.386176,21.511728,39.34469,39.220013,59.201385
2024-08-03,17.40817,28.61311,46.568108,76.74228,28.232386,120.34119,34.032898,35.408245,8.126706,36.380856,40.90488,60.541973,11.737094,13.615259,61.87057,12.757508,21.87211,39.5431,39.576252,59.500187
2024-08-04,17.393433,28.545797,46.40082,75.426155,28.372366,120.000755,34.695164,36.24426,8.039333,35.990147,39.581135,61.05366,11.668038,13.074486,62.144585,13.286897,20.948822,39.288002,41.492466,58.965416
2024-08-05,17.334204,28.300175,46.128166,74.41769,28.156815,117.6505,34.02835,36.12952,8.599268,35.296402,39.374916,60.56528,11.342727,13.029157,66.06266,12.346674,19.952618,38.863354,42.111732,59.326244
2024-08-06,16.846043,27.99683,45.639297,71.71307,27.804388,115.96046,32.63693,35.4432,8.241038,35.34057,38.935154,59.80192,11.477915,13.78153,70.393555,12.959935,19.48879,38.254307,39.647434,58.419064
2024-08-07,16.682636,27.372612,44.510574,73.267624,27.725603,117.386925,31.586294,35.39597,8.2558975,36.3846,37.83976,61.505013,11.57587,13.435444,70.41657,12.849814,19.05947,37.21584,42.099743,58.444527
2024-08-08,16.931896,27.769896,45.05516,75.42721,28.158794,116.10113,32.189793,35.89076,8.260057,34.463795,38.586853,61.03098,10.790086,12.83239,69.93175,13.089441,19.704695,37.63622,42.69719,60.495594
2024-08-09,16.935661,27.682978,45.740585,74.562546,27.509953,128.9414,31.809711,34.139336,8.5674095,33.92552,38.76234,66.47294,10.553006,12.890588,67.77516,13.031762,19.8485,36.681805,40.58718,60.434593
2024-08-10,17.089766,27.639969,45.02403,72.361946,27.422838,126.02533,31.669716,33.71789,8.430017,33.734535,38.72116,64.72702,10.620667,13.020646,68.454605,13.033053,20.633823,36.901657,40.449707,59.675823
2024-08-11,17.17887,27.657425,45.610126,75.64175,27.488493,128.85931,31.796526,33.8809,8.485472,35.249985,38.80886,64.37297,10.637247,13.118312,69.39839,13.103129,20.93435,38.095047,41.052486,59.600414
2024-08-12,17.271084,27.732225,46.807594,79.24381,27.462519,128.04187,31.77364,33.81036,8.298731,35.589245,38.846622,62.41659,11.049489,12.845611,68.33462,13.013537,21.518072,38.05447,41.32862,59.805897
2024-08-13,17.393969,28.090523,47.538464,79.44222,27.889183,125.986244,32.10314,34.242317,8.4508,36.580235,38.121487,62.112015,11.02357,13.550308,70.40607,13.085865,21.769743,38.854996,41.279617,60.67712
2024-08-14,17.153309,28.284843,48.578213,78.53117,27.96766,120.62728,31.73865,34.252865,8.571844,37.739017,36.837776,64.7907,11.112654,14.022261,69.471436,12.923603,20.6066,38.372944,41.37621,59.97528
2024-08-15,17.572893,28.585054,48.520515,78.28974,28.245724,118.17919,32.35156,33.960396,8.328017,38.816406,37.487514,64.47053,11.0503435,13.928236,69.134315,13.31842,21.302708,38.66728,41.394554,59.884655
2024-08-16,16.918839,28.033964,48.34155,75.37694,27.79922,123.28771,34.872612,35.02556,8.407772,39.919285,37.12082,64.45874,10.988639,13.820322,69.675735,13.37533,20.89626,37.765358,41.013313,60.031178
2024-08-17,17.304382,26.765083,46.940613,74.648926,27.142956,123.205986,33.77848,34.61651,8.130491,38.464554,39.402447,63.820892,10.831883,13.736566,69.64912,12.626874,18.810352,39.658516,40.285416,59.83291
2024-08-18,17.340313,28.92219,46.3802,75.24715,25.964699,125.163445,33.497223,33.818287,8.104917,36.62855,38.936356,62.566437,10.778616,13.348059,69.899155,12.506629,19.287195,38.517174,40.14706,58.042248
2024-08-19,17.508064,28.95769,46.14701,73.44327,25.951519,123.52039,32.6106,33.48813,8.167757,36.47098,38.949745,62.757717,10.780323,13.252823,70.12237,12.577421,18.619762,38.39078,39.861073,60.271687
2024-08-20,16.925209,28.812336,45.50804,74.25861,27.773338,122.45377,32.881973,33.905823,8.223334,38.590214,38.817482,63.597515,10.861426,13.418915,69.469925,12.570236,19.568735,39.085644,41.400185,64.03208
2024-08-21,16.849874,29.073366,46.215183,73.19201,27.559126,121.906525,32.374775,32.838753,8.166575,38.454704,38.9513,63.667316,10.459156,13.223259,67.351105,12.748494,20.527624,38.76019,40.776924,61.53222
2024-08-22,16.871086,27.965551,49.343456,73.234146,27.10936,128.12549,32.86798,32.452328,8.001352,38.06734,37.32281,63.200794,10.08022,13.345727,70.770615,12.4313965,18.677715,37.778084,39.88631,62.923557
2024-08-23,17.116459,28.32529,48.718906,76.41485,27.059467,131.25041,32.74252,31.572552,7.934429,39.038376,37.631985,63.333397,10.373126,13.406095,70.16766,12.477066,18.788177,37.91998,40.825405,61.041847
2024-08-24,16.820862,28.38595,48.803406,76.91922,27.717392,126.180756,32.50799,32.068207,7.560495,36.412716,37.06323,64.12253,10.187773,13.643769,70.700935,12.392995,19.15248,37.455776,41.381653,61.530514
2024-08-25,17.001217,29.29273,47.72763,76.82541,27.358908,127.614525,32.799477,32.024155,7.0982018,36.35694,37.074024,63.907024,10.190786,13.692243,70.693886,12.447694,19.666105,37.989143,41.303978,61.56394
2024-08-26,16.853323,28.75943,47.387794,75.4314,28.556005,131.58452,33.559025,31.936052,6.9151964,35.657192,38.228714,63.5975,10.12931,13.748173,71.40392,12.448329,19.404987,38.13294,40.21154,62.57793
2024-08-27,16.463629,29.306984,47.458603,75.88056,27.66419,130.9595,33.590233,34.43726,6.9525824,35.61697,38.09729,64.1737,10.204343,13.978559,70.84994,12.437491,19.52837,38.550312,42.927185,62.660835
2024-08-28,16.82904,29.052666,48.668972,73.5467,27.607328,131.11954,33.165253,34.86537,6.9816375,36.01581,38.47708,63.162003,10.812996,13.939527,70.63591,12.621114,19.773113,38.649742,41.96347,65.35602
2024-08-29,16.842688,29.219364,48.926147,74.05081,27.872257,129.51416,33.429024,35.698177,6.8420806,35.506676,38.008404,63.36554,10.6806135,13.999605,70.42834,12.645836,19.53473,38.443478,42.022602,65.49775
2024-08-30,17.021757,29.267841,45.85843,74.798546,28.02695,130.744,33.590237,35.30127,6.9086833,36.1715,38.35563,63.64407,10.915431,13.876474,70.92233,12.930115,19.71429,38.08729,42.434032,65.4411
2024-08-31,17.319546,29.745026,46.024666,74.85572,28.445694,130.88757,35.02902,35.74281,6.8713617,37.370354,37.2877,65.90121,10.525792,13.759715,69.376724,12.881421,19.311495,38.315193,42.097443,62.85679
2024-09-01,16.620832,29.752304,46.721573,74.481705,28.501451,127.16025,35.163128,35.691288,7.011906,37.202827,37.34103,65.914444,10.558622,13.789292,68.75736,12.830687,18.41725,38.60603,42.797386,62.8152
2024-09-02,16.574564,30.09964,46.5725,73.749886,27.515835,131.05063,35.128487,35.518276,7.123652,37.39759,38.481583,65.966515,10.452197,14.211878,67.90511,12.717755,17.335304,38.833473,43.812862,58.15915
2024-09-03,17.173603,29.951536,44.803944,74.58577,27.519257,130.72629,34.326794,34.80868,7.1460276,37.386627,38.800922,66.01276,10.466617,14.317701,67.76141,12.539954,16.073112,39.248665,44.134586,58.906105
2024-09-04,17.293818,29.694197,44.684975,74.89826,27.419456,129.77644,34.109055,34.90295,7.13788,37.276207,38.971874,65.25871,10.441964,14.243407,67.71227,12.595686,15.571027,39.284782,43.97852,59.15474
2024-09-05,17.171326,29.324615,45.392223,76.314514,26.978695,127.32584,33.66699,32.899933,7.1494017,37.08983,38.188244,65.406265,10.234523,14.241132,70.12446,12.326248,15.336675,39.197376,43.881573,59.58856
2024-09-06,17.546041,29.249826,45.514057,78.089966,26.716095,124.26974,33.890984,36.88221,7.118242,36.44555,39.101013,65.48584,9.970595,13.93236,69.606,12.234086,15.797677,40.295803,43.1438,59.63661
2024-09-07,17.14229,29.444223,45.902393,73.7065,28.480623,126.023415,34.20704,36.213318,7.0376267,36.739464,38.288944,65.439606,9.925899,14.297079,69.68433,12.635027,16.155344,40.258945,43.565235,60.421833
2024-09-08,17.248438,29.538462,48.9428,75.31534,27.719305,128.22922,34.64522,36.434784,7.3384404,37.443066,38.424934,67.41024,10.007905,14.243663,69.87676,12.660327,16.52667,40.420788,44.35308,60.435524
2024-09-09,17.295773,29.515831,48.61974,75.89064,27.047588,130.91449,34.84321,36.37633,7.632617,37.52617,38.514633,67.36537,10.009496,14.138072,70.0763,12.674735,17.153408,40.498234,45.880474,60.49672
2024-09-10,17.277817,29.498869,49.375862,74.803444,25.968103,134.70717,34.70844,37.625263,7.66597,38.527897,38.32526,67.88692,10.208091,14.497526,70.58216,12.607206,17.067265,40.990627,42.29351,60.84162
2024-09-11,17.256405,29.716284,49.758907,73.85662,26.289028,133.58752,34.871613,37.1754,7.641468,36.604557,38.299896,67.238266,10.043511,13.976481,70.68513,12.542166,16.84303,40.40164,44.739017,60.249573
2024-09-12,17.381607,29.19613,50.33612,73.33336,26.010168,130.43869,34.735634,37.146893,7.6324463,36.244278,39.12863,65.94084,10.016407,14.118621,70.70758,12.410372,16.432224,40.25161,43.997074,60.954567
2024-09-13,17.127441,27.854364,50.18026,74.97954,26.382345,128.39258,35.21074,37.192905,7.131344,36.591328,38.62103,65.9955,10.18668,14.211853,70.680626,12.667648,16.481022,40.062595,44.460186,60.971836
2024-09-14,16.99849,28.99381,50.08765,74.561035,26.713638,124.68506,34.81473,37.23754,6.96059,36.311462,38.893246,63.252552,10.210033,14.100164,69.3185,12.330911,16.037127,39.645386,44.713867,58.610928
2024-09-15,17.02373,28.952782,51.225822,77.87912,26.449013,125.307495,34.43492,37.0516,6.999952,36.493168,38.59773,62.45368,10.562505,13.795483,69.287254,11.862363,16.472214,39.534775,45.106125,58.77112
2024-09-16,16.47663,28.888128,50.858448,74.995316,26.913843,124.362404,34.60356,36.079357,6.8323345,35.735107,37.52974,61.833305,10.745342,14.065314,69.25331,11.503297,15.884162,39.380432,42.00038,58.681583
2024-09-17,16.29695,28.938986,49.916904,70.619156,26.867168,137.20815,33.861305,34.592,6.6598024,34.981205,37.02737,61.25348,10.963348,13.548974,69.72626,10.797034,15.122898,39.00903,44.668037,58.86924
2024-09-18,16.478127,27.976292,51.079586,70.57129,26.606777,137.2937,33.27558,35.09156,6.6939344,34.74811,36.349396,58.632286,10.768094,13.188081,69.53357,10.412034,14.6157875,38.38443,44.2243,62.219044
2024-09-19,16.587,28.024189,50.43346,72.20054,26.084557,131.26192,33.266026,34.726757,6.7181525,34.401707,36.617844,56.84922,10.778244,12.883173,68.05485,10.402715,14.896617,37.855904,44.419624,62.881218
2024-09-20,16.56662,28.417894,50.81097,72.060135,26.79657,130.05945,33.33958,35.28039,6.725693,34.932804,36.464752,55.932636,10.490692,12.363415,70.73995,10.306013,14.837375,38.863365,45.133816,63.3242
2024-09-21,16.1135,28.163147,48.68169,70.530876,26.510546,121.89593,32.623497,35.108265,6.7557015,34.79015,35.775417,56.771416,10.822976,12.312137,69.96155,10.168118,14.555779,38.420677,43.692127,63.271282
2024-09-22,16.05119,28.330894,48.180058,70.127754,26.112848,120.07684,32.480602,35.325825,7.0605106,34.36913,34.96933,56.265648,10.948825,12.294741,67.901535,10.307955,15.354863,38.026127,44.86665,63.139824
2024-09-23,17.070894,28.921871,48.002914,70.760826,26.64037,122.21742,33.052643,35.851234,6.9578257,34.483513,35.106747,57.134487,10.851439,11.869448,67.84758,10.407957,15.936885,38.147377,43.217297,63.097725
2024-09-24,16.89808,29.282383,47.815033,71.468216,26.996675,123.750854,33.103912,36.33076,6.9877143,34.43028,35.463257,57.611073,10.847419,11.842281,67.79886,10.397534,15.772864,38.021072,41.803318,61.798832
2024-09-25,16.400362,29.372803,48.70992,72.44967,26.717394,126.61516,33.259666,36.462288,7.001549,34.7256,35.561302,57.183086,11.086782,12.920054,70.46804,10.368047,15.66636,38.458244,41.90164,62.37569
2024-09-26,16.846704,28.651073,48.499214,72.620926,26.694666,124.15612,32.84382,36.413044,7.198303,34.200253,35.986893,58.058777,11.11927,13.128118,67.658264,10.224948,15.283449,38.01846,41.171944,61.57735
2024-09-27,16.733854,28.887081,47.085983,74.053055,26.374577,122.95295,31.974531,34.648006,7.53825,32.588524,35.64387,58.729702,11.000045,13.0993185,68.59731,10.218223,15.710341,38.729176,40.965298,61.64943
2024-09-28,16.896713,28.706312,47.07154,77.13004,26.594069,121.38381,32.286705,34.516464,7.8403454,32.587605,35.22375,57.85196,11.091504,13.272452,68.75999,10.271822,16.160988,38.47605,41.466827,62.63975
2024-09-29,16.864414,28.53399,47.210575,78.13523,26.382715,122.77132,32.390465,34.384182,7.936222,32.543705,35.12401,58.012486,10.685167,12.646531,68.90329,10.1898155,16.598272,38.15334,41.185593,62.823036
2024-09-30,16.809902,28.486984,46.8614,77.767395,26.248135,123.996254,32.32238,34.496597,8.011354,32.50591,34.947784,58.32442,10.121018,12.665512,67.144485,10.397604,16.617683,38.253326,41.03322,63.517254
2024-10-01,16.620579,27.409878,47.30639,76.34425,25.39457,130.29773,32.27653,35.439854,7.98172,32.818405,35.052624,59.373554,11.127098,12.98598,66.35509,10.1369295,16.865015,38.962284,40.325092,61.960026
2024-10-02,16.708239,27.70684,47.965084,75.615166,25.147013,129.17142,33.13394,35.06333,7.8847017,32.138172,35.143505,58.65847,10.5711,12.477114,67.78889,9.857263,16.25327,38.323452,39.773735,62.810257
2024-10-03,16.65973,27.715836,48.5042,77.1174,25.507034,132.50034,32.990803,36.244987,7.794831,33.502895,35.084976,58.958656,10.825062,12.866579,68.147766,9.575406,15.906447,39.062096,41.511322,63.649006
2024-10-04,16.600231,28.584675,48.073257,76.678246,26.107176,131.45383,32.655796,36.06635,7.617765,33.2005,35.860622,57.91192,11.250113,12.956183,66.88747,9.657708,15.5283575,38.411858,40.800247,64.83385
2024-10-05,16.411556,28.181744,48.574867,77.10878,25.396904,134.53069,33.016514,36.25499,7.559179,32.757336,35.062843,58.234768,11.081853,13.065715,66.06541,9.291448,15.621437,37.642536,41.32009,63.78937
2024-10-06,16.453012,28.35976,48.287804,75.514366,25.235949,139.41951,33.246426,36.284084,7.4033036,33.065754,34.809273,56.941082,10.982806,13.068685,67.03365,9.1667795,15.524548,38.410686,42.34437,65.16671
2024-10-07,16.888699,28.445597,48.293373,76.60841,25.442022,130.96675,33.43961,36.65831,7.483253,33.844654,34.960236,57.177376,11.187547,13.272416,67.10383,9.142563,16.815348,38.787518,43.058327,65.500015
2024-10-08,16.785654,28.76161,48.96906,77.44008,25.895308,136.18254,33.2619,37.135292,7.591517,34.96628,35.56934,58.9638,10.769167,13.117392,64.98216,9.031042,18.29444,39.712887,42.61124,62.24697
2024-10-09,16.791653,28.71422,47.143753,77.82148,26.108265,136.25226,33.576496,37.215797,7.544721,34.83946,35.710915,58.67253,10.975213,12.740827,65.44674,9.130257,18.222887,39.724545,40.63462,60.37203
2024-10-10,16.54584,28.431507,48.602173,78.5056,26.012648,131.167,34.798145,36.836796,7.601898,34.79557,35.894787,56.61217,10.796956,12.765882,66.84362,9.010931,18.11506,39.19604,39.926407,59.95424
2024-10-11,17.150896,28.44247,47.97176,78.25136,26.059929,134.24431,34.94216,36.70767,7.6059055,34.48909,35.618553,58.405483,10.782599,12.9927,66.96505,9.013602,18.497154,39.196026,40.096096,59.95999
2024-10-12,16.376738,28.779789,48.577187,77.87159,26.329704,137.13869,36.116425,36.46738,7.6544056,34.91628,35.61051,57.036957,10.935871,12.343887,67.60637,9.017819,18.535122,39.558304,41.73334,59.913105
2024-10-13,16.360456,28.769228,49.52635,74.556595,26.099407,136.61867,36.849804,37.173622,7.466427,35.29055,35.5914,55.86335,11.381819,12.373296,69.7698,8.962034,18.641037,39.626076,42.848434,59.650284
2024-10-14,16.144016,28.741976,49.01533,75.06755,26.110003,142.09474,37.196804,37.21701,7.531126,34.699883,35.512947,55.21054,11.263252,12.01009,70.02828,8.908216,18.549686,39.491833,43.280537,59.53746
2024-10-15,16.506475,29.158882,46.861694,73.65431,25.439367,140.97986,37.08623,37.619625,7.424579,34.76562,35.24221,56.150578,11.263775,12.625437,70.0575,8.785839,18.652899,39.234474,42.752895,62.390846
2024-10-16,16.422028,28.675156,46.49694,72.69055,25.141499,141.03287,33.767544,37.21015,7.464497,34.636845,34.803356,54.39768,11.1341095,12.354409,67.51713,8.6655,18.748741,38.275837,42.680573,60.08814
2024-10-17,16.443975,28.413044,46.648033,71.40511,25.402102,141.78082,33.719444,37.614254,7.40419,35.10965,35.168655,52.921604,11.352054,12.302498,67.761475,8.603941,19.363794,37.437096,42.871414,62.450573
2024-10-18,16.633615,28.449928,47.141914,71.57801,26.075535,142.47726,32.532425,37.554867,7.475097,34.437134,35.567852,52.391476,11.281948,13.082238,66.641754,8.836069,18.444214,35.986137,43.32255,63.278225
2024-10-19,16.334862,28.642534,47.00155,72.05765,26.15624,142.30223,33.152443,37.90686,7.3787727,34.074585,35.411465,52.429234,11.169269,13.084957,67.43995,8.750818,18.159039,35.800655,43.19274,65.272766
2024-10-20,16.129988,28.773745,48.424248,72.414566,26.290176,142.76817,32.3858,37.542618,7.4075675,33.973915,36.394024,52.359867,11.107362,13.202333,68.89534,9.121358,18.696941,35.817543,43.01637,65.22721
2024-10-21,16.094233,29.58391,48.769695,71.85373,27.107597,142.43924,34.632732,37.364445,7.378388,34.82728,37.402504,52.11858,11.404703,13.108065,67.658,9.6434555,17.995615,36.544132,42.16844,64.97369
2024-10-22,16.268936,28.988897,47.953247,71.38927,26.708763,143.9994,34.98804,35.400513,7.3928075,34.650272,37.768936,53.062904,11.364517,13.528838,67.53069,9.575597,18.093029,36.757385,41.850353,63.91629
2024-10-23,16.728127,28.721878,47.652172,72.52915,26.538511,143.72215,34.064423,34.52991,7.4834585,33.94119,37.926666,52.52655,11.344093,13.106608,66.73235,9.396443,17.699938,35.223206,40.91755,63.70583
2024-10-24,16.480444,28.707504,48.327976,72.25405,26.676243,145.29335,33.09166,34.86889,7.343843,35.090153,37.17604,52.909485,11.402376,13.649982,67.757286,9.316104,16.977962,35.61226,40.471024,64.100586
2024-10-25,16.128328,28.769197,48.104992,71.7788,26.628054,143.82019,33.317238,34.920914,7.4448543,34.92755,37.144806,53.793285,11.511716,13.501009,66.87621,9.260488,17.084408,35.253864,42.00554,63.7231
2024-10-26,16.558231,29.494337,48.369453,70.093376,26.280087,144.2588,33.69165,36.00747,7.5774446,34.7771,37.03748,53.266407,11.397068,13.460954,67.4685,9.29781,15.902689,35.012802,42.947403,62.95931
2024-10-27,16.658258,29.451687,48.497425,68.58602,26.428274,146.42491,33.935757,36.763386,7.622027,35.339657,37.13929,53.946545,11.294804,13.740196,67.49019,9.433534,15.701393,35.17715,42.874695,63.037163
2024-10-28,16.582273,28.839262,48.50459,69.24791,26.547,149.39583,33.971176,37.060562,7.629608,35.734005,37.09648,53.911762,11.296764,13.888412,68.16716,9.513911,16.1291,35.303898,41.708103,62.948647
2024-10-29,16.751585,28.95569,48.111034,67.616684,25.887846,146.57819,34.450222,37.039173,7.726436,36.405895,37.586124,54.49019,11.17274,13.675907,67.54658,9.552776,16.399141,35.715744,41.604244,62.974533
2024-10-30,15.884042,27.76751,47.1801,65.40157,25.413687,144.79062,34.243763,37.561584,7.666401,36.294567,37.241467,53.36623,11.157177,13.738039,67.92942,9.474498,16.527664,35.72172,41.831448,63.2991
2024-10-31,16.336931,27.743216,47.684536,67.23577,25.837708,145.26585,34.720375,37.288254,7.836,36.354855,37.21131,53.122086,10.706786,13.537007,70.29768,9.575351,17.223793,35.434883,39.64929,62.925808
2024-11-01,16.333715,28.404043,47.699287,66.63164,25.551702,145.35661,35.176033,35.906586,7.9635134,36.88901,36.803265,53.9135,10.874115,13.0046425,69.35597,9.618051,17.46728,35.815704,40.664818,62.461224
2024-11-02,16.45865,28.086382,47.695328,65.74463,25.41449,146.57411,35.614338,35.477177,7.8907638,35.62945,35.321037,52.63019,10.862353,13.263348,69.50704,9.47366,17.152992,35.293247,41.097908,62.99183
2024-11-03,16.579927,28.066072,47.701035,67.49403,25.046286,147.64972,35.473003,35.41838,7.9531703,34.74092,35.161133,52.07983,10.873065,13.817294,66.934204,9.500072,17.173786,35.223476,41.012234,63.03367
2024-11-04,16.372297,28.0857,47.725918,67.41475,25.012129,148.13249,34.67051,35.413517,8.246089,34.59739,35.06996,52.412117,10.90926,13.334004,66.98487,9.518875,17.182512,35.23552,40.847317,63.895958
2024-11-05,16.460184,27.027828,47.71842,66.829094,24.750708,145.29268,33.88447,35.811413,8.20406,33.57603,35.45322,51.09823,10.590558,13.083305,67.0224,9.603952,17.178217,35.053944,39.03802,63.47659
2024-11-06,16.28725,27.73687,48.063026,66.888374,24.939922,144.30432,33.296425,35.77464,7.937013,33.86583,35.443947,50.842617,10.681514,13.168739,66.769806,9.481378,16.410412,35.27338,42.332275,63.75799
2024-11-07,16.378424,27.830969,48.76881,65.84558,24.764494,144.14117,33.144928,35.1644,7.7720485,33.518883,35.058907,49.68195,10.5688715,13.236232,64.403854,9.520249,15.587935,34.99816,43.305477,63.813232
2024-11-08,16.912012,28.114128,48.77128,66.22586,24.893475,145.98242,32.741955,35.533367,7.822641,33.568977,35.158978,49.518604,10.64439,14.195138,66.28355,9.517221,14.967858,34.85011,41.277924,64.12854
2024-11-09,16.794193,27.81574,50.43127,65.98187,24.178698,147.33946,32.251724,35.627728,7.601025,33.426632,34.48516,50.116295,10.644693,14.518303,66.14508,9.296561,13.898151,33.845627,40.13923,64.62325
2024-11-10,16.815502,28.454937,48.30562,65.90692,24.027605,147.48747,31.252972,35.352264,7.7323785,33.336895,34.10975,50.740894,10.482517,14.148223,66.38238,9.257174,14.098864,33.586514,40.335423,64.73209
2024-11-11,16.934692,29.53461,45.367886,65.63943,24.017069,147.21724,31.35147,35.18039,8.232603,33.093376,33.9018,50.415012,10.334501,14.377148,65.440636,9.197341,13.8576355,33.39252,40.51549,64.554924
2024-11-12,16.637022,29.844563,40.79149,64.3574,24.738874,144.10274,31.65117,34.52187,8.121192,32.259018,33.373886,51.821064,11.430173,14.267641,64.663826,9.2752695,12.808897,33.363594,40.66473,63.645023
2024-11-13,16.741976,29.746206,40.575203,64.8081,24.273537,145.01488,31.387154,34.801186,8.067992,32.306393,33.08557,51.10258,10.912025,14.145105,65.39478,9.203707,13.020535,33.77816,41.40322,63.258514
2024-11-14,16.881828,30.13905,40.33066,65.15753,23.205364,143.86343,31.198763,35.905346,8.227004,32.701405,33.54318,51.30438,11.17682,14.281841,64.76343,9.330201,12.8184185,33.41436,41.289875,63.90503
2024-11-15,15.997943,29.901047,41.889805,65.18818,24.39687,143.11407,31.546831,36.296257,8.173849,33.36548,34.30914,53.408813,11.141398,13.253532,65.406746,9.278982,13.299852,33.848248,40.28152,63.105816
2024-11-16,15.493272,29.841377,41.59016,62.29626,24.08557,141.31053,31.30438,35.67411,8.279108,32.806934,34.03223,53.702587,11.259724,13.380329,65.572075,9.337408,13.056777,34.12284,39.77793,63.04637
2024-11-17,16.510439,29.798796,41.741116,60.89305,23.974106,142.19675,31.190767,36.493988,8.309624,33.91502,34.695114,53.83997,11.311306,13.6194725,65.58481,9.475269,13.383972,34.02162,39.764862,62.91253
2024-11-18,17.304365,30.137978,41.21933,61.376896,24.041765,142.41974,31.283203,36.391594,8.088634,33.358627,34.569363,54.344086,11.335856,13.685703,65.6317,9.536323,13.395848,35.243435,40.922554,64.393654
2024-11-19,16.225014,29.931713,42.064823,61.490826,23.938921,146.35399,31.735138,36.81559,8.315923,33.49737,34.817562,54.1211,11.3505535,14.01435,66.7054,9.627871,13.6258745,35.86883,40.926613,60.888393
2024-11-20,16.014894,29.57463,43.12541,63.923298,24.785297,150.67093,32.40386,36.14652,8.387839,33.95811,35.347687,55.556644,11.533999,14.123958,67.45208,9.779343,13.9149275,35.943027,40.92373,61.67492
2024-11-21,16.56895,29.209713,43.670013,61.045074,24.254559,150.35066,31.78998,36.107826,8.190458,32.799503,35.170185,55.5236,11.295827,14.009782,65.33771,9.646369,13.618621,35.547382,41.028328,60.217613
2024-11-22,16.08853,30.420164,44.57095,61.746387,24.419907,147.73354,32.118713,34.513966,8.2978525,34.24856,35.17399,55.687557,11.494751,13.901266,65.096886,9.692534,13.721541,35.88209,40.974342,63.48239
2024-11-23,16.506035,30.587566,44.913456,62.705997,24.591618,147.69711,32.171246,34.5661,8.255989,33.074245,35.909805,56.03625,11.508378,14.347328,62.045013,9.588156,13.611149,35.591892,41.66613,61.344387
2024-11-24,16.516657,30.455166,44.84119,62.46768,24.464224,148.07574,32.14927,34.562614,8.083721,33.004578,36.117443,56.000492,11.66158,14.358672,61.955296,9.466942,13.4587755,35.835888,40.330376,61.619686
2024-11-25,16.553644,29.627419,45.65064,62.275406,24.41332,151.07243,32.276604,34.840244,8.097047,33.69481,36.330845,55.358986,11.805252,14.753875,63.67317,9.503566,13.53755,35.111122,40.499126,58.41798
2024-11-26,16.498428,29.017242,45.74564,62.8721,24.683922,152.39778,32.641487,36.02314,7.8463483,34.184887,36.23258,55.56643,12.040746,14.4642935,62.834873,9.60469,13.893342,35.848217,39.262077,62.48676
2024-11-27,16.227755,29.378021,46.55603,63.2592,24.187483,155.60966,32.37781,35.70815,7.7802863,33.977535,35.96207,56.03928,11.648415,14.339951,61.27584,9.358547,13.784644,36.19778,40.5735,64.09199
2024-11-28,16.239286,28.931522,45.82436,64.07963,24.482136,155.97801,32.865837,35.27242,7.601247,34.525734,35.87928,55.3892,11.650139,14.131446,62.918884,9.478401,13.918157,36.402557,41.957314,65.52553
2024-11-29,16.267338,27.821697,44.820503,64.840675,23.808556,151.96707,32.689007,34.78816,7.644258,34.306946,34.979458,56.281635,11.637768,14.125169,63.049175,9.069432,13.779477,36.15869,41.997787,64.7243
2024-11-30,16.631058,28.075308,44.298897,64.228905,24.549164,149.90956,33.09421,34.51833,7.856432,34.099766,34.5229,55.434334,11.417729,13.561549,63.821056,9.078518,14.233593,36.63198,42.181377,65.22303
2024-12-01,16.400772,28.091158,44.12413,63.837418,24.613588,144.23766,33.84514,33.562634,7.7534547,34.070683,34.592384,55.57147,11.664005,13.578563,62.232662,9.1290045,14.126509,36.782074,42.296364,65.168106
2024-12-02,16.833195,28.36737,43.943256,62.07496,24.415339,135.59756,33.880516,33.598076,7.6739645,34.025146,34.627514,55.855923,11.63525,13.608438,62.59862,9.151454,13.930746,36.876778,42.431297,63.890934
