CP,Năm,Kỳ,Lãi/Lỗ ròng trước thuế,Khấu hao TSCĐ,Dự phòng RR tín dụng,Lãi/Lỗ chênh lệch tỷ giá chưa thực hiện,Lãi/Lỗ từ hoạt động đầu tư,Thu nhập lãi,Thu lãi và cổ tức,Lưu chuyển tiền thuần từ HĐKD trước thay đổi VLĐ,Tăng/Giảm các khoản phải thu,Tăng/Giảm hàng tồn kho,Tăng/Giảm các khoản phải trả,Tăng/Giảm chi phí trả trước,Chi phí lãi vay đã trả,Tiền thu nhập doanh nghiệp đã trả,Tiền thu khác từ các hoạt động kinh doanh,Tiền chi khác từ các hoạt động kinh doanh,Lưu chuyển tiền tệ ròng từ các hoạt động SXKD,Mua sắm TSCĐ,Tiền thu được từ thanh lý tài sản cố định,"Tiền chi cho vay, mua công cụ nợ của đơn vị khác (đồng)","Tiền thu hồi cho vay, bán lại các công cụ nợ của đơn vị khác (đồng)",Đầu tư vào các doanh nghiệp khác,Tiền thu từ việc bán các khoản đầu tư vào doanh nghiệp khác,Tiền thu cổ tức và lợi nhuận được chia,Lưu chuyển từ hoạt động đầu tư,Tăng vốn cổ phần từ góp vốn và/hoặc phát hành cổ phiếu,"Chi trả cho việc mua lại, trả cổ phiếu",Tiền thu được các khoản đi vay,Tiền trả các khoản đi vay,Cổ tức đã trả,Lưu chuyển tiền từ hoạt động tài chính,Lưu chuyển tiền thuần trong kỳ,Tiền và tương đương tiền,Ảnh hưởng của chênh lệch tỷ giá,Tiền và tương đương tiền cuối kỳ
CMG,2024,4,172775742232,171831379516,4738562551,0,-6342055938,24294673274,0,367298301635,142178246783,-20261281892,-9628338169,5400171167,-24294673274,4335122888,9618335100,-12141505916,462504378322,-180863469627,87400000,-922531362400,862440100000,0,0,18570257199,-222297074828,0,-28000000,922145732596,-973547723489,-64558541978,-115988532871,124218770623,536522065195,0,660740835818
CMG,2024,3,86747912680,100115690020,-1075760886,-12139343543,-26222242178,20326909911,0,167753166004,-221635331793,-17867941844,117582777334,57705910203,-16881486359,-10972590003,0,-26658225775,49026277767,-187302894558,0,-629604675342,599934775561,0,0,47166774525,-169806019814,0,-132000000,1150410309899,-941582811002,-57998811,208637500086,87857758039,474869945278,3830389450,566558092767
CMG,2024,2,112524274129,97059610203,527056017,0,-26612169333,18209569564,0,201708340580,-287729313573,-56099538880,353818340558,-90177347367,-18209569564,-22394109932,0,-1424028104,79492773718,-139491950457,0,-465000000000,412964500000,0,0,8610807382,-182916643075,4553000000,-286000000,494000478769,-430553552591,0,67713926178,-35709943179,510579888457,0,474869945278
CMG,2024,1,89366907101,106012929827,6599507269,4491797342,-42180511903,8833733243,0,173124362879,290140196083,65444397950,-355898206653,15193622570,-5603956200,-24214945662,0,-10143997108,148041473859,-39070493377,-151880000,-248251114134,177560627930,0,5734598605,62302671967,-41875589009,14202290000,0,690635049084,-876678618602,-39515332487,-211356612005,-105190727155,608583417327,7187198285,510579888457
CMG,2023,4,174198526087,88259612057,-1577287766,-3320960699,-15841931062,24797266527,0,266515225144,-41441684143,16880496597,223802343000,-27088930287,-19053085082,-2748604243,0,-20698619112,396167141874,-134844114248,151880000,-680059529875,1210444426790,0,-636695426790,11504178354,-229498585769,7181630000,-181000000,664062602630,-526169435195,-88141789834,56752007601,223420563706,393430237680,-8267384059,608583417327
CMG,2023,3,87991961226,87815537271,4312474845,-7905456641,-41310563653,28950678897,0,159854631945,104591118203,29213159507,-286509304174,42407885280,-30777045258,-12076140652,0,-8833687563,-2129382712,5063789512,0,-89078000000,-501695426790,0,636695426790,25826506571,76812296083,-181000000,0,379425528324,-322057056059,-488722803,56698749462,131381662833,253394381756,8654193091,393430237680
CMG,2023,2,109631062821,88078636446,-64581581,858991537,-25137149462,20487444338,0,193854404099,-170996579650,3133853835,70820250406,-34634221826,-24473211982,-6340983435,0,-6294932954,25068578493,-670079172131,0,-247141500000,501695426790,0,0,26145435927,-389379809414,0,0,752302171667,-503903819684,0,248398351983,-115912878938,371043702907,-1736442213,253394381756
CMG,2023,1,55821807691,100615310252,13505239869,282778108,-38993850262,31320110578,0,162551396236,12162798416,-35462946387,-1995895913,-17808988154,-28041065406,-85527292403,0,-8532132081,-2654125692,-65607203416,-106945861,-384910642657,433283382577,0,0,26734576715,9393167358,87481974891,0,608193653529,-697020731969,787109767,-557993782,6181047884,371654425350,-6791770327,371043702907
CMG,2022,4,133047016728,82467048026,-1462743514,-4888037354,-20815052182,25871195744,0,214219427448,-8130095123,154821913646,200436377066,14315417889,-25952866320,52303693892,0,-7781901846,594231966652,-211469540019,106945861,-557783006965,335198813826,0,0,4063496623,-429883290674,-78735932935,0,477503065508,-494027709875,-2297605288,-97558182590,66790493388,298398449381,6465482581,371654425350
CMG,2022,3,107168678064,85497680867,-922335847,4888037354,-29501016786,28074561014,0,195105001374,72149849723,-59616845911,-124796681376,-25487718027,-26329678337,-3064962397,0,-14381561016,13577404033,-87591906052,0,-811223369269,809010354285,0,0,24935409991,-64869511045,78735932935,0,783695447689,-816065169396,-28340788630,18025422598,-33266684414,331602699259,62434536,298398449381
CMG,2022,2,106128382171,62286308612,3489181428,100603292,-20512330523,17992174016,0,169484318996,-166315941119,112102592933,97286549181,-95883349194,-14082596005,-25265212944,0,-7835953442,69490408406,-37887019958,0,-135711515490,229224372606,0,0,43224083255,98849920413,0,0,264146135424,-443738848810,-7839191760,-187431905146,-19091576327,350756710122,-62434536,331602699259
CMG,2022,1,57737368407,63978586691,24036248673,2072077754,-13173471420,16380419681,0,151031229786,99954786264,-14571993259,-120333324326,34950178012,-23402918193,-39255524634,0,-5370748899,83001684751,-289391467903,-8780480936,-384763057948,453208357861,-161025829311,0,15538538457,-375213939780,0,0,1429662900936,-1178961306171,1738312864,252439907629,-39772347400,390114138218,414919304,350756710122
CMG,2021,4,124848009763,56978935762,-18236567905,-13906731,-34759328925,19186588816,0,148003730780,-149266159002,-170423867768,402793663743,-38624444603,-11535726557,0,0,-8897626036,172049570557,-232681582105,7325597640,-413089737339,348148697106,0,0,31956800201,-258340224497,0,0,414694647800,-268591932767,-1161510903,144941204130,58650550190,331737649510,-274061482,390114138218
CMG,2021,3,113026959235,58324154906,290789791,214417494,-32111513654,17702554318,0,157447362090,10530829201,-28846742818,177763308583,-18766955991,-18135939889,7061601784,0,-2707790434,284345672526,-139763245835,1927008508,-344631313098,329968109840,0,0,-4803784442,-157303225027,0,0,365653598216,-439917607875,-438684205,-74702693864,52339753635,279571022096,-173126221,331737649510
CMG,2021,2,73126747335,55571374099,1937943393,248216428,-25509004491,17482399080,0,122857675844,-84873770852,-13986963152,128489605434,-25859129685,-15054280723,-17942613746,0,-6479789687,87150733433,-110541873341,0,-242600000000,234301664508,0,0,32329818485,-86510390348,0,0,230919642530,-110041475684,-257509121,120620657725,121261000810,158177369944,132651342,279571022096
CMG,2021,1,59750567274,64035783906,7183276248,3049786594,-33187471274,12017039237,0,112848981985,21559093614,-33363667674,-57650997821,1211732785,-19358549911,-17426955332,0,-4245170772,3574466874,-127191609899,1074187564,-426987139090,426363998851,0,0,-34043451251,-160784013825,0,0,499578980252,-539666442463,-7072234192,-47159696403,-204369243354,362121297295,425316003,158177369944
CMG,2020,4,99265142732,55086455332,-193522024,-1680320199,-20800110853,23335143870,0,155012788858,-49711203830,16814748380,15700267680,-20875087410,-16113753882,-9415593317,0,-4793928453,86618238026,-60102804638,-863460291,-333197174378,293540711870,0,0,69725419671,-30897307766,0,0,443782987325,-382573143455,-124343258530,-63133414660,-7412484400,369826446356,-292664661,362121297295
CMG,2020,3,81010340034,56209439852,579205623,1680320199,-37604951484,20393720297,0,122268074521,25543048503,-531827700,89499145219,19228674222,-21953645010,-9866261690,0,-7788506419,216398701646,-196536396604,0,-677386075623,814273522478,0,0,43611049479,-16037900270,0,0,459458048049,-586059612002,14406845,-126587157108,73773644268,296052802088,0,369826446356
CMG,2020,2,50278723037,47191276280,-2186905143,0,-13784902166,16972481045,0,98470673053,-40545958534,-8705559623,71584290177,-39667264156,-16044559111,-22920260439,0,-867791085,41303570282,-82950927358,0,-157524000000,100110000000,0,0,22666530928,-117698396430,0,0,492096511209,-333116394583,-14406845,158965709781,82570883633,213481918455,0,296052802088
CMG,2020,1,52757069770,56133702789,19454900488,1401749208,-33546982261,19730368280,0,115930808274,43396059859,86102892103,-103143091894,9740276336,-27340240806,-16024735619,0,-4082814871,104579153382,-124734085198,397170660,98474000000,-140178721096,0,0,4044929718,-161996705916,-5442000000,0,693423479999,-659016693775,-28095879504,868906720,-56548645814,269991826358,38737911,213481918455
CMG,2019,4,96180900702,44747579363,-15961988044,-758105118,-22665493387,17819964489,0,119362858005,42566659677,-95541577381,140333714581,-24046825342,-11422821041,-7036538000,0,-4045714983,160169755516,-23146822036,-70634128,-332918000000,350548000000,0,0,9275048399,3687592235,5442000000,0,894066156939,-930852091393,-76200454255,-107544388709,56312959042,213719555215,-40687899,269991826358
CMG,2019,3,84251624836,47715704754,-8118664882,758105118,-16262217799,12699673426,0,121044225453,126801864260,3126333510,-262908602502,33529404762,-20166576491,-5820858593,0,-10486547119,-14880756720,-141591739447,70652736,-705082000000,-24807601762,0,0,8994172448,-862416516025,844558000000,0,749841193916,-707592174131,-29607812845,857199206940,-20098065805,233765878930,51742090,213719555215
CMG,2019,2,25763665879,43448959025,260790691,0,-8158958824,19629527220,0,80943983991,-204418806968,-1038489945,261546088098,-85408420014,-12454054261,-20185807256,0,-204591602,18779902043,-112958107154,0,-254050958904,67928000000,0,0,4922882059,-294158183999,0,0,791510796782,-715038100910,-62315060,76410380812,-198967901144,432733780074,0,233765878930
CMG,2019,1,56601052834,44034406934,5753466055,390648123,-14405925280,12578450045,0,104952098711,126137415903,65534443478,-221178195447,-26047965769,-13007877306,-8528774267,0,-6969501676,20891643627,-160485060317,419030284,34535986304,-21337486514,0,0,13213159203,-133654371040,0,0,1136175239231,-782828016766,-770239568,352576982897,239814255484,192927334215,-7809625,432733780074
CMG,2018,4,83301523192,39581396295,-521387708,-111566413,-5755829341,13591188949,0,130085324974,-157299194885,-2579919751,274503582261,2143548150,-17372240666,-9839738823,0,2800854511,222442215771,-12296651368,-362784150,-68929509804,38660638636,0,980000000,-9071831481,-51020138167,0,0,318538987760,-420718276578,-16478833790,-118658122608,52763954996,140399896261,-236517042,192927334215
CMG,2018,3,66095428707,40285429608,-27753331210,111566413,-12375666930,10787326639,0,77150753227,-81057394902,59228381598,-84428038244,22403551006,-6169841199,-2260028228,0,-12380112351,-27512729093,-160443476053,362784150,-76890000000,69339361364,0,0,21371889427,-146259441112,4900000000,0,838701997419,-672235454305,-65411580400,105954962714,-67817207491,208246625003,-29521251,140399896261
CMG,2018,2,55853617561,37062814606,-905290141,-70330757,-6206002725,10692733308,0,96427541852,-81030991147,-130592601396,203506584015,-16901213308,-8871651100,-21305517608,0,-164650000,41067501308,-54481344437,0,-25610000000,23700000000,0,0,-644335557,-57035679994,0,0,505606868902,-423940828379,-942298770,80723741753,64755563067,143491061936,0,208246625003
CMG,2018,1,26627327215,40401974890,34500461134,-70330757,-17446703940,6234048562,0,90246777104,36598686167,45085959589,-111682484006,-4978846727,-5838567094,-7090886335,0,732552030,43073190728,-135634028231,1498291473,-31715597626,-3342709750,16751172457,-227074067,3928055977,-148741889767,0,0,1083478875325,-1190630361674,36163132,-107115323217,-212784022256,356219770300,55313892,143491061936
CMG,2017,4,59761291407,29407013144,1110757943,70330757,-388227408,7859722305,0,97820888148,-131857063395,-38693359148,160875358180,3995257377,-12068165343,-5543443641,0,-620233287,73909238891,-66605679020,0,-2480000000,7923672300,0,0,11530048115,-49631958605,26389088400,0,886651943102,-705021883515,-315421380,207703726607,231981006893,124294742182,-55978775,356219770300
CMG,2017,3,92013363736,30912115174,578704620,-70330757,-7657579486,7010049767,0,122786323054,-127863296380,13409829929,64139958931,2181776405,-2723760237,-2732606759,0,-4474368680,64723856263,-118596451834,2142222750,-171650000000,230726327700,0,286447067,12431356977,-44660097340,0,0,974063725338,-953588525910,-80815660590,-60340461162,-40276702239,164515465646,55978775,124294742182
CMG,2017,2,40281109581,30350961508,-860050098,0,-10261150689,7114810323,0,66625680625,-144487563438,15437140517,107065299598,-1407541114,-7670774260,-18007733946,0,247533616,17802041598,-48927362971,0,14000000000,0,0,340597333,1598225884,-32988539754,0,0,704000953321,-649333548400,-35264760,54632140161,39445642005,125069823641,0,164515465646
CMG,2017,1,40102389473,35477827265,-558151751,415943837,-11322119157,6014072347,0,69873547472,90171661950,-16232549822,-136911689640,30142851363,-2039104151,-5088609003,0,1466169453,31382277622,-27152482377,4804179900,0,998942300,0,0,2479737323,-18869622854,0,0,449720043923,-496870483194,-122373680,-47272812951,-34760158183,159841777560,-11795736,125069823641
CMG,2016,4,63405231539,23879031235,-248275124,0,-3599405235,5262055221,0,88698637636,23313285125,5327677977,42560425936,-6975476513,-6427066199,-2889646760,0,-326687343,143281149859,-60619232855,13865820100,-30621013568,29606013568,0,0,-70852060,-47839264815,0,0,621883859349,-685992251126,-735630160,-64844021937,30597863107,129243914453,0,159841777560
CMG,2016,3,49869284811,23067463264,307438326,-53259502,-10341242299,7209941585,0,70059626185,-72151330955,57907237397,29647659394,-16332257386,-3837143680,-16970758511,0,-6013614300,42309418144,-38401499244,190000000,-102317000000,114193000000,-1056000000,0,22312370595,-5079128649,0,0,653171945348,-633215224581,-59238978292,-39282257525,-2051968030,131291825753,28657699,129268515422
CMG,2016,2,34004041070,21347062851,1958459942,0,-4664968136,7941119254,0,60585714981,-71678336139,-52599779374,147599723429,719013111,-9727076863,-6284234245,0,-7828058113,60786966787,-37822726689,0,-27955000000,13943986432,0,0,922990356,-50910749901,0,0,537714532056,-503979181107,0,33735350949,43611567835,87680257918,0,131291825753
CMG,2016,1,36013804730,22213825793,837034595,316479383,-5220467360,6618862333,0,62167488110,-124106402944,-3771035458,37191389985,-29266596794,-6940155007,-3031393070,-656453187,1182967912,-67230190453,-23108790155,9568472553,-252359670937,13427447000,238920986432,-3496917000,-6748261658,-23796733765,0,0,603392468183,-593203014481,-488400,10188965302,-80837958916,168926991161,-408774327,87680257918
CMG,2015,4,60249299421,20558135965,5382867809,81218331,0,-6305878670,4914491161,84880134017,2249995999,27339111959,27405146816,-3488467018,-5008413774,0,656453187,-3216308541,130817652645,-50016964460,0,0,-1386471763,-123986432,3496917000,6418426045,-41612079610,-300000000,0,383287633121,-424602383896,0,-41614750775,47590822260,121336132300,36601,168926991161
CMG,2015,3,44348710362,19417130084,257757393,0,524659344,6297588025,0,70845845208,48926351550,-20227263559,-112235853902,-5554829970,-4128984036,-2385042032,296708921,-5360686510,-29823754330,-34680037966,0,-229255174097,0,1228698360,1924749000,-397405192,-261179169895,-1048537674,0,496608582479,-452898521345,0,42661523460,-248341400765,368502513081,0,120161112316
CMG,2015,2,20237740944,19469761561,1672799072,0,-397405192,6960598180,0,47943494565,106815822407,-65637697520,91280394568,-3679150139,-9129202169,-7590681500,0,-4237767193,155765213019,-32082584104,0,-39541825903,31386471763,-2208698360,0,397405192,-42049231412,255000000000,0,293647542862,-372039084505,0,176608458357,290324439964,78226073117,0,368550513081
CMG,2015,1,0,0,0,0,0,0,0,0,0,0,0,0,0,0,0,0,-24157468627,-2422384908,-188364223,6010749068,-2806433045,0,-1046233000,1500183590,1047517482,0,0,350790909628,-354667735638,20236800,-3856589210,-26966540355,104938005269,206608203,78178073117
CMG,2014,4,0,0,0,0,0,0,0,0,0,0,0,0,0,0,0,0,49819231041,-37573383981,29068521,8820354702,16274660855,-1900000000,3046233000,-474017961,-11777084864,0,0,305513198010,-297721514129,-20236800,7771447081,45813593258,59124412011,0,104938005269
CMG,2014,3,0,0,0,0,0,0,0,0,0,0,0,0,0,0,0,0,-13148638081,-9279844030,-3080000,-373902905,-5603518569,0,3046233000,2236910293,-9977202211,0,0,299189616527,-292227314762,-20236800,6942064965,-16183775327,74707571078,88056521,58611852272
CMG,2014,2,0,0,0,0,0,0,0,0,0,0,0,0,0,0,0,0,85718535390,-27029936685,3080000,-485012624,10796072620,0,0,787414291,-15928382398,0,0,280941970853,-371821445064,0,-90879474211,-21089321219,95796892297,0,74707571078
CMG,2014,1,0,0,0,0,0,0,0,0,0,0,0,0,0,0,0,0,-33822245140,-50227215055,284619000,38827899100,-35631083894,0,0,2625188343,-44120592506,0,0,527827645364,-499037464889,0,28790180475,-49152657171,145040253307,-90703839,95796892297
CMG,2013,4,0,0,0,0,0,0,0,0,0,0,0,0,0,0,0,0,141769118418,-273354246,130081000,-58165454733,58455319633,0,0,-3772485247,-3625893593,0,0,187952056588,-239482300795,5857571614,-45672672593,92470552232,52511980736,57720339,145040253307
CMG,2013,3,0,0,0,0,0,0,0,0,0,0,0,0,0,0,0,0,156361165036,-43860808558,-4730000,15669913650,-19568817650,0,0,6175855280,-41588587278,0,-1524985000,473186202297,-578541227351,-5857571614,-112737581668,2034996090,50443394456,33590190,52511980736
CMG,2013,2,0,0,0,0,0,0,0,0,0,0,0,0,0,0,0,0,31882743660,-582009336,26730000,-26104188500,30932112500,0,0,308538736,4581183400,0,0,359962989839,-394100318035,0,-34137328196,2326598864,48152461336,-35665744,50443394456
CMG,2013,1,0,0,0,0,0,0,0,0,0,0,0,0,0,0,0,0,35434998427,-75903642784,369588821,6528513586,32081789268,14495000000,0,-4860419982,-27289171091,0,-4312285000,393051072126,-434631237422,0,-45892450296,-37746622960,85886310843,12773453,48152461336
