Date,CMG,CTG,CTS,FPT,HAG,ITD,KDH,MSN,MWG,NLG,NVB,PDR,POT,PVB,PVC,PVD,PVS,VCB,VIC,VNM
2023-11-19,36.134396,31.576536,28.184622,81.85844,13.322701,9.89836,27.821009,65.735504,44.297104,37.241222,11.32056,24.883034,17.995386,20.448997,14.717855,27.766262,36.94851,60.90463,42.860527,63.696125
2023-11-20,35.681683,31.796354,28.173172,81.68995,13.318036,9.844109,28.765915,65.98244,44.842934,38.6358,11.329756,25.23569,17.949018,20.345974,14.679075,27.502249,36.772392,60.980522,43.030464,63.974113
2023-11-21,35.95246,32.491474,28.08991,82.539665,13.704049,9.815429,28.643509,67.29058,44.920574,38.579086,11.350757,25.077158,17.933384,20.328306,14.555083,27.42246,36.548878,61.599216,42.930176,64.35426
2023-11-22,35.67949,32.51951,28.199898,81.67582,13.755885,9.779954,28.360514,67.24897,45.18027,38.522022,11.375963,25.244503,17.954332,20.36712,14.424648,27.355406,36.142696,61.68579,43.0805,64.39062
2023-11-23,35.634773,32.48356,28.206692,80.83291,13.709284,9.74629,28.346746,67.27602,45.026016,38.679363,11.338184,25.411976,17.91736,20.392323,14.468063,27.456913,36.316803,61.56839,43.539215,64.2645
2023-11-24,35.956894,32.525467,28.555449,82.363754,13.806813,9.731749,28.57338,67.27657,45.125446,38.94088,11.380151,26.284767,17.894356,20.374868,14.549062,27.47622,36.60269,61.65236,43.627777,64.19137
2023-11-25,35.361332,32.330643,28.308372,81.43072,14.550578,9.740249,28.314213,67.131004,44.92296,38.240906,11.368631,25.68382,17.763966,20.617601,14.6969795,27.76112,36.734524,61.290123,43.17549,63.82708
2023-11-26,35.211685,32.20742,28.50034,80.45935,14.278304,9.660407,28.102177,66.15287,44.268433,37.81994,11.293175,25.565287,17.583185,20.64968,14.597712,27.620306,36.527184,60.934193,43.192226,63.641228
2023-11-27,35.153503,32.241657,28.992474,80.47689,14.596421,9.669108,28.372173,66.81115,44.633877,38.147366,11.220617,25.766966,16.979086,20.591066,14.583048,27.535677,36.463894,60.834587,42.9151,63.50403
2023-11-28,35.64837,32.231766,29.039,81.46667,14.476911,9.649169,28.240944,66.15023,44.44068,38.877346,11.203084,26.480825,16.940521,20.584633,14.575142,27.559345,36.476257,61.218025,42.79657,63.58315
2023-11-29,35.700985,32.267654,28.872715,81.41112,14.430309,9.62504,28.300257,66.05429,44.24108,38.861958,11.243527,26.439827,16.845968,20.615664,14.593773,27.6208,36.546448,61.09558,42.324825,63.538456
2023-11-30,35.750305,32.28459,28.795176,80.96124,14.481731,9.6115465,28.213564,65.755196,44.405342,38.74846,11.179701,26.289097,16.759415,20.778013,14.555655,27.604586,36.264076,61.129333,42.06564,63.49472
2023-12-01,35.782936,32.402645,28.758022,80.63835,14.480086,9.611314,28.345316,65.98994,44.323578,38.553318,11.151582,26.212029,16.70008,20.820007,14.59172,27.67741,36.403088,61.08837,42.557617,63.581043
2023-12-02,35.94296,32.363754,28.956518,79.67359,14.63075,9.5676565,28.041847,66.30096,45.04447,38.541183,11.084797,26.385696,16.893166,20.899223,14.61151,27.8537,36.580624,60.912933,42.30231,63.519974
2023-12-03,35.986923,32.117363,29.385672,79.36392,13.976701,9.579391,28.005762,64.51164,45.097034,38.1032,10.897264,26.053654,16.418814,20.84747,14.50572,27.787968,36.427444,59.608837,42.21349,63.756245
2023-12-04,36.762,32.4932,30.533747,84.27751,14.024417,9.656851,27.643993,65.05522,46.10146,38.447773,10.809169,26.038975,16.361923,20.872362,14.471154,27.87384,36.653122,60.19902,42.0154,64.19992
2023-12-05,37.77146,32.475002,31.033676,87.79806,13.80009,9.660812,27.745987,64.90097,47.15084,38.93046,10.833342,26.75751,16.382982,20.900475,14.510084,28.104506,36.69219,60.371246,41.93006,63.940327
2023-12-06,37.77626,32.904507,30.739859,87.69686,13.523822,9.595522,27.852737,65.100395,46.995667,39.08783,10.824678,27.083874,16.387316,20.938765,14.360572,28.007038,36.285572,60.527077,41.857613,64.05035
2023-12-07,37.664276,33.376923,30.755781,88.79613,13.521351,9.586047,28.06237,64.82135,46.909245,39.040104,10.937362,27.000212,16.407526,20.986069,14.367803,28.138186,36.31012,60.424637,42.369198,64.06266
2023-12-08,37.76891,33.87098,31.174122,91.22847,13.432955,9.644623,28.482891,64.54304,46.86831,39.300407,10.959935,27.050228,16.460857,20.981485,14.553008,28.491982,36.941776,60.25141,42.962128,63.994213
2023-12-09,36.9029,34.37561,30.822224,91.78063,13.1738,9.674647,28.34864,64.738266,46.910404,39.54779,11.017464,27.24067,16.630552,21.031174,14.578602,28.545502,37.228653,60.272327,42.32133,64.000885
2023-12-10,36.571507,35.004894,30.823586,93.44595,13.11086,9.746014,28.424622,65.571785,46.46594,39.49834,10.918866,27.526752,16.76466,20.983547,14.453247,28.590513,37.20701,60.392265,42.674828,64.00641
2023-12-11,36.567726,35.019833,30.759348,93.147095,13.153041,9.755355,28.443306,65.670815,46.397057,39.430916,10.972894,27.624537,16.775255,20.99364,14.462928,28.600327,37.157455,60.432728,42.32046,63.986404
2023-12-12,36.545963,34.928085,30.656761,92.51758,13.223115,9.7394495,28.500198,65.6995,46.321526,39.357353,11.054436,27.67002,16.761366,21.014915,14.479864,28.57998,37.083218,60.417282,42.128674,64.04564
2023-12-13,36.56369,34.911808,30.682985,90.41047,13.30076,9.723087,28.5827,65.70923,46.234707,39.235886,11.114606,27.9103,16.637417,21.066484,14.484679,28.51418,36.967556,60.34863,41.774864,64.02517
2023-12-14,36.618755,34.823227,30.894413,92.44693,13.471826,9.720178,28.721176,65.21925,46.12417,39.275333,11.266446,28.00758,16.53372,20.998516,14.61261,28.655062,37.504585,60.29034,41.93949,63.871254
2023-12-15,36.576527,34.751404,30.6471,90.93265,13.463808,9.699201,28.938156,65.344154,45.971928,39.1634,11.342003,27.802797,16.499569,20.96883,14.597321,28.509424,37.465782,60.22286,41.516212,63.848843
2023-12-16,36.55944,34.606255,30.611803,90.8509,13.452053,9.68121,29.102514,65.44907,45.76996,39.07458,11.408199,27.44759,16.5242,20.932926,14.594153,28.494764,37.605713,60.335773,41.591576,63.79868
2023-12-17,36.523415,34.491726,30.461086,91.42495,13.393009,9.666481,29.04672,65.045204,45.575623,38.927147,11.435565,27.149427,16.526588,20.883974,14.568379,28.401535,37.539467,60.26818,41.354965,63.746983
2023-12-18,36.4983,34.377583,30.343813,92.22954,13.412932,9.654777,29.004698,64.91019,45.342644,38.854485,11.493851,26.886925,16.507845,20.82204,14.539763,28.312395,37.38133,60.07131,41.34138,63.72417
2023-12-19,36.241043,34.421463,30.375435,95.473305,13.039434,9.609146,28.880386,66.06502,45.398575,38.78479,11.508328,26.683252,16.470913,20.76632,14.726691,28.163403,37.058414,59.73957,42.75572,65.16679
2023-12-20,36.3289,34.369507,30.19475,95.4211,12.980001,9.592191,28.819923,66.813644,45.725903,38.561947,11.516095,26.395992,16.440498,20.868874,14.816243,28.218073,37.000126,59.668907,43.87084,65.44647
2023-12-21,36.287327,34.345005,30.071531,95.340485,12.926156,9.559846,28.757792,67.46889,46.192318,38.31891,11.484953,26.210518,16.28994,20.995123,14.88315,28.174644,36.82589,59.53573,45.060314,65.91004
2023-12-22,36.225765,34.35918,30.078224,95.103745,13.040766,9.530163,28.646278,68.40422,46.47253,38.081303,11.4285345,25.995834,16.322628,21.108727,15.014619,28.230673,36.888428,59.46293,46.480255,66.413994
2023-12-23,36.19557,34.270542,30.506615,94.522255,12.949515,9.588432,28.939665,68.47644,46.54426,38.126343,11.38085,25.775547,16.358223,21.096119,14.978395,28.301727,36.863876,59.927135,48.21859,66.36633
2023-12-24,35.905396,34.459297,30.427526,97.0168,13.085191,9.571637,29.753555,68.024796,46.286602,38.080437,11.51071,25.532314,16.368063,21.02813,15.012915,28.241678,36.57861,59.905186,46.976357,66.29674
2023-12-25,35.743332,34.604996,30.284817,94.194496,13.015422,9.574441,29.587076,68.065475,45.86248,38.050724,11.542214,25.030144,16.412865,21.016914,15.104414,28.720362,36.630985,59.120243,47.537952,66.69275
2023-12-26,35.52353,34.40996,29.40465,92.2027,12.811642,9.583638,29.02802,66.84028,45.161274,37.116405,11.551334,23.983162,16.402243,20.783615,14.814524,28.295767,35.955387,58.80009,45.075954,66.38471
2023-12-27,35.42934,34.523808,29.652914,93.134735,12.845994,9.620774,28.894882,66.451515,45.25825,36.86331,11.088627,23.596758,16.493124,20.808752,14.765165,28.231459,35.914604,58.784824,44.7745,66.616875
2023-12-28,35.52255,34.63051,30.030325,96.17723,12.917592,9.630985,28.874449,66.480545,45.41511,36.80244,11.143708,23.682564,16.532951,20.795563,14.740693,28.11328,35.913822,58.861122,44.63757,66.52516
2023-12-29,35.684074,34.75104,30.570257,100.063065,13.000308,9.673831,28.963707,66.354965,45.722103,36.737617,10.891147,23.885473,16.61143,20.830063,14.784079,28.11589,36.112656,59.114677,44.06747,66.8768
2023-12-30,35.370903,35.066673,30.880835,100.96638,12.985243,10.03434,29.455887,67.40886,46.039337,37.53247,11.341237,24.502407,16.475029,20.922459,15.032184,28.509844,36.536865,60.343506,44.798744,67.50699
2023-12-31,35.295406,35.031242,31.172373,102.27918,12.921042,10.153517,29.479687,68.27507,46.3967,37.4196,11.389132,24.589846,16.360132,21.09935,15.474361,29.691336,37.181503,63.043545,45.6299,67.4658
2024-01-01,35.362854,34.798912,31.902128,103.02085,13.072176,10.205854,31.134201,70.681114,47.012096,38.38599,11.3424015,24.978748,16.246616,20.909113,15.3036585,30.037212,37.02899,63.926662,44.953312,67.03618
2024-01-02,36.3827,34.762802,33.271603,106.45644,13.070956,10.237148,31.814089,71.00729,47.417336,38.733093,11.228537,25.01539,16.299828,20.858788,15.533383,30.60057,37.141777,64.121414,45.35519,66.599365
2024-01-03,36.574974,34.775322,33.27266,106.39362,13.118357,10.188981,32.192883,71.51526,47.691483,39.329742,11.190837,25.144506,16.484402,20.884754,15.536206,30.68774,37.276752,63.90242,45.456264,66.82752
2024-01-04,36.624496,34.808514,32.996338,105.67324,13.146372,10.115063,32.486473,71.90007,48.152035,40.018864,11.126458,24.862236,16.738781,20.935944,15.46881,30.615131,37.246475,63.59432,45.518932,67.13797
2024-01-05,37.053585,34.866657,33.074066,104.37922,13.348607,10.246215,32.877857,70.881256,48.631054,40.997746,10.93482,23.919699,17.02198,21.187822,15.452774,30.71146,37.597122,63.30283,46.426514,67.54894
2024-01-06,37.525112,35.32683,35.008366,100.61667,13.495173,10.23058,32.661385,77.2815,50.67528,40.699123,11.038079,23.838493,17.253094,21.06172,15.241815,30.718985,37.487247,62.692318,45.15072,67.593636
2024-01-07,37.235233,35.31598,36.592136,98.43508,13.335169,10.207197,32.665333,78.11374,49.62687,41.22755,11.036154,22.997328,17.214506,21.091858,15.072181,30.456459,37.43497,62.899685,45.84802,66.711235
2024-01-08,36.5494,35.195595,36.359425,101.78804,13.332542,10.233969,32.9266,81.768005,49.704636,41.15563,10.9985485,23.264042,17.266764,21.445742,15.11014,30.580029,37.715218,62.985878,45.824028,67.12939
2024-01-09,35.92425,34.58991,36.489895,99.62569,13.084952,10.378089,32.85757,80.63375,48.637806,40.406036,10.844166,22.4681,17.333647,21.253008,14.849732,30.100435,37.2084,62.72831,44.71947,65.53249
2024-01-10,35.62762,34.52423,36.632847,99.99647,13.017759,10.373824,32.81201,81.19894,48.39864,40.284595,10.864028,22.042522,17.393898,21.048864,14.762737,29.847874,37.072384,62.518986,44.57785,65.83488
2024-01-11,35.31231,34.415024,36.90084,102.14872,13.031664,10.412323,32.9451,80.29675,48.00062,40.445683,10.557743,21.651155,17.390072,21.049503,14.576611,29.535696,36.824936,62.206364,44.820942,65.967476
2024-01-12,35.02243,34.280308,36.63611,101.03701,13.084478,10.332298,32.681236,80.31295,47.363426,40.141792,10.466504,21.802187,17.419886,20.791735,14.403717,29.19828,36.385315,61.814484,43.867516,65.93557
2024-01-13,36.07624,34.475315,36.555305,104.843155,13.274596,10.356835,32.79328,80.2681,47.399864,40.7096,10.343519,21.524693,17.423086,20.704943,14.295137,29.201551,36.384235,62.040382,44.560528,65.68337
2024-01-14,37.034016,34.785378,38.190544,112.79172,13.310701,10.416704,33.08994,81.52902,48.83902,41.683804,10.443709,22.784182,17.556137,21.020046,14.336078,29.627094,36.6737,62.522545,44.62665,66.17445
2024-01-15,36.848537,34.457752,38.131886,114.78505,13.291557,10.275456,32.94867,80.604355,47.19664,41.804127,10.460441,22.921133,17.50908,21.762186,14.588157,30.40568,37.27188,62.262825,45.44355,65.95946
2024-01-16,36.91424,34.650177,37.785355,113.03831,13.090519,10.266689,32.58865,80.66436,47.661537,41.232025,10.398468,23.4461,17.588486,21.74982,14.441362,30.6112,37.393867,61.84904,42.972515,65.57361
2024-01-17,36.77592,34.435955,37.080833,111.15354,13.010301,10.30322,32.433376,80.7942,47.41257,41.012665,10.139391,23.307373,17.606655,21.505026,14.393913,30.442892,37.137814,61.721256,43.708122,65.59636
2024-01-18,36.812775,34.14755,36.41451,109.585556,12.941976,10.354147,32.315098,80.6746,47.064568,40.831512,10.153242,23.590141,17.617836,21.371656,14.353287,30.216736,36.906364,61.48724,44.460083,65.343895
2024-01-19,36.933453,33.75249,35.669464,107.420456,12.754869,10.369257,32.246075,80.80312,46.679207,40.792507,9.913319,23.834635,17.671307,21.12509,14.30502,29.945385,36.630722,61.234146,45.143955,65.19501
2024-01-20,35.578033,33.70453,36.30452,105.52863,12.913295,10.425917,32.09657,80.36674,46.333294,40.478245,9.903388,23.248968,17.852753,21.40381,14.341225,30.00731,36.91788,60.756218,46.852222,65.29045
2024-01-21,35.966713,34.48708,37.350758,109.51439,13.440193,10.438903,32.09046,79.94465,49.18282,40.92345,9.939916,23.204533,17.270529,21.489296,14.430208,30.41915,37.271088,61.07791,46.41706,65.50262
2024-01-22,35.748028,35.007084,37.635826,113.575516,13.581126,10.334904,32.36382,80.164085,49.43014,41.36707,9.978298,25.349194,17.279495,21.70846,14.586631,30.546095,37.90195,62.015167,46.615875,65.75899
2024-01-23,35.894257,35.55416,38.46773,112.098625,13.501104,10.192561,32.40577,80.27451,49.7035,41.66587,10.023375,25.98689,17.716722,21.66685,14.520408,30.353186,38.04189,62.65808,46.786922,65.10004
2024-01-24,35.987507,35.379635,38.352295,112.01132,13.575475,10.167748,32.378468,79.73371,49.493332,41.831375,10.016586,26.13501,17.751307,21.762922,14.536974,30.29467,38.038795,62.751472,46.912586,65.03158
2024-01-25,35.701077,35.168327,38.315693,112.90087,13.558717,10.162692,32.3961,78.93919,49.213715,42.043777,10.050168,26.004,17.754128,21.795801,14.545381,30.298876,38.1896,62.770554,47.12599,64.91605
2024-01-26,35.637512,34.853752,37.856617,111.69159,13.557575,10.14164,32.296227,78.44501,49.22125,42.045776,10.117134,26.086098,17.749079,21.715895,14.572304,30.310896,38.315853,62.702217,47.427708,64.81461
2024-01-27,36.198574,35.154205,38.49575,112.76357,13.594483,10.0855,32.957817,77.39331,49.855488,42.533848,10.106586,26.16737,18.170126,21.933516,14.548782,30.81197,38.42217,62.76107,48.126842,65.211685
2024-01-28,36.216434,35.362976,38.739323,113.4423,13.57463,10.0812435,33.00929,78.84796,52.008698,42.589546,9.947325,26.222692,17.833296,22.227459,14.611792,30.869675,38.54678,62.582268,48.628063,65.22114
2024-01-29,36.516354,35.536488,40.58582,117.299194,13.75965,10.179222,32.84033,79.65393,52.501366,42.418148,10.013777,26.172834,17.385033,22.108698,14.546385,30.786823,38.454575,62.583878,50.231293,65.25789
2024-01-30,36.047424,35.47032,40.707672,117.26053,13.809318,10.120826,32.80684,77.7101,52.798798,42.09258,9.7386055,25.829462,17.97599,22.223396,14.602604,30.906004,38.60767,62.239853,50.813625,65.195465
2024-01-31,36.01793,35.399303,40.957302,118.181854,13.790116,10.10717,32.87561,77.05982,53.158527,42.12624,9.747585,25.991505,18.067062,22.34243,14.668919,31.049303,38.94915,62.309513,51.10377,65.0549
2024-02-01,35.89023,35.249218,40.95079,119.81364,13.860451,10.118808,33.061016,75.39353,52.816277,42.487274,9.768521,25.53277,18.23932,22.542631,14.773771,31.14031,39.5515,62.82791,52.48623,64.86438
2024-02-02,36.0955,34.944817,39.983227,112.49591,13.526528,10.033421,32.90975,75.154625,53.225586,42.302116,9.978652,26.716375,17.997538,22.535278,14.861844,31.234352,39.906147,62.554897,50.429646,64.312935
2024-02-03,35.481148,35.039032,41.8029,111.30804,13.535198,9.976501,33.073486,76.16483,53.288673,43.05796,9.827692,25.720362,18.371168,23.153198,15.313679,32.24606,41.901855,62.064342,51.970783,64.65936
2024-02-04,37.786037,34.212612,41.417236,106.46165,13.528183,9.99374,32.92903,74.656586,51.94781,43.277683,9.6668625,24.87243,17.901127,23.212164,15.390224,32.009922,41.871902,61.657578,51.689186,64.24864
2024-02-05,40.58531,33.70988,40.152134,103.104256,13.363817,9.889518,32.78936,74.20964,52.454437,43.21019,9.514845,24.99176,18.253042,23.073587,15.370932,31.712072,41.805573,62.545986,52.445557,65.36211
2024-02-06,42.521107,33.380566,37.079826,101.52673,13.407275,9.833424,32.378815,72.28104,52.825962,42.568794,9.475636,24.567972,18.269178,23.280575,16.000967,31.294716,41.312687,62.069298,52.671658,64.973434
2024-02-07,43.014633,33.354282,36.805714,99.72892,13.286555,9.824188,32.169064,72.88412,52.975124,42.277744,9.4648,25.120897,18.163754,23.219517,16.13473,31.265556,41.045803,62.159153,52.118393,64.91403
2024-02-08,42.24996,33.32055,37.27256,98.74911,13.286474,9.818596,32.104782,72.992676,52.563858,42.16992,9.539081,24.574425,18.27539,23.154192,16.10521,31.291016,40.96523,62.084534,53.050297,64.7757
2024-02-09,41.319054,33.36932,37.34999,97.82831,13.296197,9.803919,31.955265,72.98623,52.25103,41.917164,9.389844,24.45423,18.298363,23.115522,16.078716,31.317873,40.95184,62.05543,53.25038,64.57251
2024-02-10,44.161457,33.878742,39.188755,98.65344,13.369316,9.749454,31.975393,74.89264,55.381252,41.86202,9.383562,24.823872,18.6175,22.844534,16.063145,31.502094,41.23636,61.78866,53.64353,64.57475
2024-02-11,45.410522,33.661232,38.77543,100.46502,13.500355,9.959804,31.953684,73.46725,54.62608,41.346714,9.508538,23.918957,19.027042,22.526354,15.574026,30.81338,40.688988,61.83237,54.850086,64.4075
2024-02-12,44.661026,33.755894,39.773716,103.090004,13.466787,10.254071,32.074455,72.326324,54.905083,41.08419,9.179475,23.83893,18.66877,22.794935,15.962152,30.762934,41.385952,61.572994,54.627186,64.24528
2024-02-13,45.71771,35.08632,42.782787,104.934586,13.532009,10.251421,32.184525,72.195076,54.546394,41.353256,9.106519,24.281542,18.828207,22.853151,16.002985,31.154463,41.69687,61.80823,55.079838,64.27507
2024-02-14,44.629944,34.929405,42.214947,102.68587,13.388313,10.18196,31.844114,70.15217,53.840904,40.691956,8.932484,23.301432,18.65885,22.518969,15.5949135,30.794577,40.80639,61.393246,54.573864,63.857082
2024-02-15,43.284992,34.431534,40.91574,99.84731,13.236468,10.115787,31.429144,68.19769,53.15484,39.832645,8.765463,22.472273,18.48774,22.113808,15.133989,30.304415,39.66656,60.930305,54.144314,63.49408
2024-02-16,42.009163,33.910854,39.55571,97.07129,13.089859,10.0632715,30.9835,66.34814,52.421116,38.89526,8.615511,21.593723,18.31607,21.661247,14.664976,29.803314,38.497646,60.469147,53.64481,63.1732
2024-02-17,42.10814,34.29529,41.82372,98.08699,12.978273,10.00372,30.949213,65.895874,52.534767,38.254337,8.168156,21.416931,18.444294,21.552801,14.897244,29.897596,39.060776,60.085457,51.691715,62.780045
2024-02-18,40.39429,33.45657,39.384495,96.17959,12.571439,9.9495,30.836432,66.931335,51.85771,37.313244,7.934975,19.917917,18.462952,21.757597,14.1835575,29.100239,38.125465,59.834106,50.093155,63.01206
2024-02-19,38.882668,33.122284,37.38788,93.265884,12.56383,9.922965,30.551819,66.91148,51.08126,36.592007,7.9086175,19.049809,18.165117,21.878712,14.167959,28.99205,37.90445,59.777718,48.63633,63.150303
2024-02-20,37.470753,32.797916,35.66561,90.47024,12.5807905,9.881406,30.23416,66.83086,50.183792,35.97051,7.894017,18.27691,17.827036,22.050423,14.172813,28.934387,37.765522,59.721104,47.406494,63.203606
2024-02-21,37.62929,32.910774,35.92682,91.48344,12.505262,9.973156,30.125753,67.12743,50.510445,36.13021,7.98895,18.847551,18.072628,22.099958,14.175559,28.995731,37.752472,59.591812,46.2314,63.38945
2024-02-22,37.762733,32.934315,36.315083,91.00979,12.5711355,9.988954,30.200247,66.41375,50.672855,36.494675,7.808057,18.741743,18.391062,22.16395,14.2177515,28.99793,37.910954,59.514286,46.610306,63.179424
2024-02-23,38.016193,33.053093,36.76939,93.01961,12.536293,10.090113,30.272015,67.861496,51.47744,36.73398,7.8787465,19.427896,18.737392,22.176586,14.246258,29.051912,37.883488,59.77268,45.74325,63.35647
2024-02-24,38.27808,32.46816,34.33608,98.85291,12.540489,9.893065,30.622961,63.02559,52.345364,36.358746,7.502854,17.505516,18.562529,22.416025,13.875424,28.6992,37.50572,59.40987,46.631245,62.56673
2024-02-25,40.48165,33.12275,35.577713,111.18366,12.576362,10.064633,31.242437,67.00767,55.219402,38.214146,7.7076693,20.16173,18.564934,22.906025,14.260254,29.162853,38.161213,59.514706,45.605324,63.17234
2024-02-26,40.297268,33.184566,35.193333,118.10109,12.676834,10.126336,31.395641,67.71893,56.658787,37.79756,7.663342,19.435629,17.958645,22.695467,14.069052,29.028194,38.173626,59.70296,44.416275,63.846687
2024-02-27,40.442764,33.18499,35.306896,117.33842,12.660257,10.034778,31.613571,67.26778,58.10136,37.484177,7.736516,19.523802,18.06514,22.583134,14.1432,28.994375,38.510704,59.856094,44.47863,64.07603
2024-02-28,40.612484,33.119736,35.135387,118.42481,12.670271,9.985343,31.605177,66.79729,57.701756,37.61027,7.6506133,18.60512,17.887356,22.640413,14.133885,28.954885,38.42634,59.679764,43.66854,63.704594
2024-02-29,41.07336,33.26038,35.324287,120.10548,12.685246,10.029278,31.631584,68.119194,58.42505,37.843105,7.7484627,19.30438,17.866629,22.77151,14.182942,29.120804,38.438026,59.172382,42.97438,63.90559
2024-03-01,41.462006,33.31657,35.312325,121.46508,12.749616,10.005245,31.49977,68.082756,58.05704,38.07484,7.716786,18.728281,17.70782,22.69067,14.164973,29.223896,38.517017,59.219097,43.307537,63.63355
2024-03-02,41.54305,33.377506,35.24471,120.87388,12.722551,10.101218,31.43634,69.7815,58.631527,38.130577,7.8542233,19.375513,17.68922,22.644184,14.199186,29.302958,38.524044,59.312424,42.87978,63.944477
2024-03-03,41.752567,33.371178,35.229034,122.86813,12.74403,10.064052,31.544348,69.8596,58.330593,38.3354,7.8114305,18.917356,17.53777,22.60823,14.161368,29.322426,38.485626,59.34773,43.062332,63.956562
2024-03-04,42.10693,33.377186,35.191624,124.59814,12.748111,10.045433,31.594336,70.565384,58.317257,38.637653,7.813302,18.94769,17.443014,22.631113,14.174282,29.353594,38.46387,59.475925,43.22359,63.957203
2024-03-05,41.1459,33.406807,35.14762,121.925545,12.853009,10.099313,32.34205,73.242615,58.1805,39.91426,7.8798037,19.826021,17.843082,22.886002,14.18361,29.469841,38.521004,59.821575,43.42529,64.11933
2024-03-06,41.74991,33.563488,35.730927,123.61075,13.010401,10.222797,32.480255,73.97726,58.701534,40.04164,7.8568974,20.585403,18.024736,23.139635,14.321535,29.584436,38.81754,60.01914,43.385773,64.22127
2024-03-07,42.35663,33.71831,36.59167,127.02832,13.096038,10.29757,32.524307,74.08819,59.435566,40.028404,7.851726,20.680628,18.07056,23.349035,14.423669,29.754448,39.120113,60.193855,43.718727,64.29886
2024-03-08,43.269688,33.90034,37.48505,125.045006,13.20679,10.42134,32.41624,75.63756,60.443,39.966076,7.9479175,21.258463,18.207312,23.74555,14.573578,29.853912,39.396156,60.289707,43.50094,64.44154
2024-03-09,44.733116,33.69756,38.131752,132.10559,13.242337,10.003513,32.71779,73.42972,60.00078,40.30991,7.8236856,19.346712,17.737679,24.048801,14.457306,29.863947,39.558987,60.35035,44.778458,65.83672
2024-03-10,47.735153,33.535294,38.667324,131.60637,13.313138,10.166155,32.58843,76.56385,59.964348,40.19624,7.8068104,19.880814,17.836847,25.396164,14.932636,30.213812,40.875862,60.41576,44.4876,65.327644
2024-03-11,50.830406,33.634747,38.34925,129.99323,13.245369,10.006282,32.588955,75.50695,59.792877,40.01478,7.92228,19.700245,17.81901,25.894222,14.923434,30.254742,40.857346,60.29092,44.18403,64.55175
2024-03-12,53.478424,33.632675,39.88546,131.69257,13.06237,10.337442,32.636852,75.67765,60.14824,40.47455,8.12837,21.894976,17.87828,26.285332,15.073345,30.460962,41.71386,60.15891,43.586864,64.93543
2024-03-13,54.25545,33.57536,40.099304,128.94997,13.125508,10.541139,32.784367,77.038795,60.58508,40.714954,8.155074,22.23977,18.051802,26.276333,15.189639,30.49164,41.993755,60.099583,43.524235,64.962814
2024-03-14,54.137627,33.5235,40.00287,121.75261,13.233117,10.6872,32.796978,77.35087,60.101902,40.797634,8.018447,21.816683,18.142372,26.396017,15.267777,30.558407,42.063255,59.928658,42.92537,64.50285
2024-03-15,54.084705,33.425957,40.108322,120.94182,13.327611,10.797294,32.87925,77.145035,60.001804,40.873806,7.9198565,21.73204,18.166273,26.823057,15.333266,30.626858,42.00795,59.839725,42.73051,64.006096
2024-03-16,56.45945,33.41836,39.69835,123.52614,13.217076,11.154065,32.651703,76.81013,61.46821,41.082993,7.951949,21.521004,18.18139,26.709225,15.181567,30.599411,41.664055,59.75515,44.789368,64.750534
2024-03-17,57.644577,33.367672,42.000797,130.7122,13.149809,10.9999075,32.931065,77.43734,61.44293,41.488144,7.8034616,21.17303,18.468414,26.71872,15.060055,30.621712,41.66932,59.903355,45.068653,64.78808
2024-03-18,56.578335,33.631294,41.863552,132.99081,13.083518,10.765822,33.135727,76.76115,60.204147,42.509716,7.9291706,21.38543,18.304014,27.171408,15.4169445,30.771322,42.582104,60.462994,45.453766,64.57171
2024-03-19,56.096497,33.32547,41.645588,129.83685,13.366126,10.731247,32.960846,78.643166,59.24216,42.24088,7.997655,21.491331,18.147467,26.951473,15.610974,30.597792,42.41809,60.033318,45.474087,64.08832
2024-03-20,56.967564,33.475655,41.410526,131.5877,13.472566,11.009929,33.370453,81.14292,60.781677,42.71877,8.21993,23.893953,18.481377,27.162136,15.714954,30.50892,42.528965,60.032948,44.482513,65.19209
2024-03-21,57.089962,33.509678,41.897232,129.2961,13.703263,10.902581,33.515484,79.78116,60.398506,42.673603,7.9934545,22.373692,18.406729,27.074438,15.592365,30.669924,42.5222,60.113,45.197506,64.77671
2024-03-22,56.11161,33.67626,41.945606,125.76695,13.784735,10.941169,33.462708,81.581726,60.702248,42.66988,8.141728,21.960901,18.378664,27.04296,15.516314,30.746244,42.21276,60.12398,45.098804,64.486046
2024-03-23,57.606045,33.80034,42.789257,132.3553,13.838806,10.85252,33.15512,80.52883,60.499023,43.05833,8.063313,21.11941,17.62312,27.5014,15.797259,30.925144,42.509495,59.817665,44.81532,64.03663
2024-03-24,58.20203,33.592667,42.74142,137.83852,13.537493,10.878412,33.318264,79.641426,61.14774,44.064888,9.131585,22.904247,17.792852,27.364784,16.242895,30.839361,42.437107,59.765587,43.73141,63.907223
2024-03-25,59.702404,33.627705,43.060318,137.7212,13.693317,11.133964,33.517776,80.99465,61.680702,44.66291,9.037915,22.679205,17.749664,27.690449,16.415216,30.975458,42.816765,59.79805,43.922432,65.10948
2024-03-26,58.242985,33.31186,41.45939,126.7368,13.665948,10.776925,32.505184,78.75857,60.480244,43.241516,8.151136,22.160315,17.729603,27.158762,15.815347,30.495462,41.84327,59.462643,43.471848,63.96341
2024-03-27,57.85014,33.421993,41.493603,126.3611,13.748595,10.939237,32.338116,79.673454,61.12695,43.416393,8.555238,22.44439,17.900372,27.405117,15.884744,30.555471,41.961864,59.519154,43.29352,64.41593
2024-03-28,57.845844,33.55112,42.17537,128.45897,13.8522005,11.01772,32.52365,80.19766,61.078472,43.630924,8.695947,22.380579,17.945543,27.781622,16.044853,30.741556,42.382755,59.63565,43.249092,64.47078
2024-03-29,57.690395,33.576843,42.344395,126.97329,13.963595,10.9532,32.622078,79.751205,60.977844,43.518055,8.466999,21.764729,17.880157,27.814291,16.096813,30.877113,42.66664,59.672916,43.33977,64.23192
2024-03-30,59.89807,33.548656,43.9875,136.13077,14.1649065,11.583402,33.044144,82.114044,62.787663,43.87018,8.758062,22.528324,17.759857,28.329712,16.304544,30.95146,42.97259,59.984776,43.180275,65.13056
2024-03-31,59.437347,33.29739,43.534294,135.37,14.05903,11.878148,32.63451,80.41253,62.27201,44.405327,9.07192,21.800825,17.756706,28.360748,16.024729,30.842617,42.353203,59.631874,42.619175,64.35046
2024-04-01,58.523937,33.343773,44.05518,133.02567,14.044313,11.785181,32.81278,81.75149,64.33539,43.767532,8.828686,21.195993,17.44111,28.314342,16.027472,31.002499,42.01634,59.047447,41.69178,63.815582
2024-04-02,59.685345,33.390057,43.132828,132.08057,13.944153,11.894173,32.953487,80.534775,65.23188,43.945297,8.586767,21.340824,17.448309,28.42642,15.8767805,30.90697,41.649994,58.457516,42.29948,63.624325
2024-04-03,60.92467,33.472054,43.29645,134.17679,14.059709,11.89533,33.388805,79.95562,65.18835,44.10072,8.602396,21.251616,17.676596,28.72261,15.93198,31.115154,41.467518,58.620792,42.801258,63.736607
2024-04-04,61.42988,33.576866,43.378918,138.46466,14.151957,12.139028,34.045753,80.99193,66.07516,44.606,9.101204,22.354868,17.994064,28.951797,16.03428,31.238935,41.69996,58.685574,42.33926,64.06783
2024-04-05,61.806324,33.602898,43.8462,143.11963,14.249852,12.256979,34.65332,80.8666,66.31725,44.83331,9.1105385,22.326836,18.213522,29.219564,16.145086,31.332714,41.87565,58.615173,42.564037,64.090675
2024-04-06,62.97889,33.605453,45.267067,148.71892,13.981114,12.610928,34.402927,80.35428,66.212944,44.786495,9.225707,22.12491,18.110361,29.656805,16.38721,31.293303,42.20221,58.80627,42.812283,63.80289
2024-04-07,63.030254,33.38272,45.89898,152.80392,13.873664,12.955829,33.9762,80.691154,64.74809,43.823833,9.077014,22.13795,18.187628,29.695091,16.143057,31.00547,41.724545,58.816116,42.703655,65.82313
2024-04-08,63.97925,33.467865,45.338116,154.35454,13.925297,13.141795,33.528885,80.72509,65.19044,42.670246,9.005173,22.08266,17.710768,29.724106,16.087246,31.015694,41.765762,58.78894,42.20241,64.36498
2024-04-09,64.743515,33.54846,45.38603,161.87054,13.989678,13.379254,34.17177,80.33794,65.623116,42.657608,9.4892235,21.915154,18.29471,29.584196,16.189524,30.989775,42.00445,58.502445,42.01024,65.160995
2024-04-10,64.794945,33.655647,45.11453,165.9226,13.9444685,13.522609,34.24804,80.67169,65.740166,42.682106,9.358657,21.93127,18.359966,29.58058,16.237316,30.959648,41.966526,58.299976,41.89862,65.24544
2024-04-11,64.842926,33.746952,45.924553,168.43098,13.949536,13.735444,34.16882,80.25443,66.26898,42.60832,9.016461,22.015034,18.428162,29.648563,16.28908,31.015812,42.27112,58.14437,41.869476,65.29209
2024-04-12,65.31041,33.92624,46.142704,169.62196,13.90558,14.00357,34.187138,79.98331,66.7053,42.700153,9.208593,22.080212,18.438503,29.785898,16.349867,31.033876,42.20814,58.029675,41.96303,65.27821
2024-04-13,64.84921,33.800026,46.35352,177.96773,14.098572,14.334638,34.0369,78.56087,65.69626,42.727818,8.883997,21.473112,18.50456,29.657957,16.425615,31.291103,42.651356,57.80546,41.99141,64.780205
2024-04-14,65.27259,33.965805,47.451843,197.56578,14.125888,14.240125,34.832676,79.827736,66.65819,43.138237,8.95662,22.013414,17.95414,29.620943,16.664852,31.552504,43.58881,58.541275,42.670685,64.99498
2024-04-15,65.74378,34.175255,46.9487,204.26724,13.959154,14.034379,35.717915,79.09966,66.57114,43.741703,9.157087,22.358284,17.626354,29.71471,16.533703,31.39209,43.755764,58.822765,42.93408,64.677536
2024-04-16,65.98032,33.399654,43.829247,211.65332,13.442183,13.857626,34.725662,76.65615,64.95698,41.80425,8.811556,21.32379,17.598928,28.377264,15.640222,30.666956,42.509575,58.676296,42.22955,63.993507
2024-04-17,65.96732,33.511017,43.561527,212.2462,13.429026,13.817469,34.70448,75.19419,65.011185,41.611576,9.5255575,21.84594,17.686407,28.44362,15.684042,30.621267,42.139317,58.66696,41.742176,63.769253
2024-04-18,66.552666,33.36099,43.861927,214.39204,13.180508,13.821172,34.842224,75.30737,64.88451,41.584053,9.820356,22.4315,17.836958,28.310856,15.632417,30.32073,42.14765,58.467087,41.678215,64.1741
2024-04-19,67.15252,33.338646,44.539173,218.63203,13.23442,13.775664,34.943493,74.60096,64.8722,41.282326,9.909163,22.558908,17.842857,28.19274,15.703294,30.343185,42.24287,58.51362,42.51035,64.451225
2024-04-20,67.85146,33.043575,44.714478,221.40828,13.233105,13.828164,35.103905,74.17136,65.16274,41.84418,9.871986,22.595093,17.233189,27.6469,15.829061,30.388012,42.391956,58.682076,43.076904,64.19432
2024-04-21,69.12982,33.16616,44.322067,230.71983,12.7828045,13.967492,35.05589,73.518524,66.34041,41.799946,9.573189,22.351852,18.147057,27.675238,15.892505,30.332193,42.265934,58.574184,42.124363,63.81156
2024-04-22,69.84781,33.054745,43.892258,238.43112,12.678488,13.962639,34.923065,74.25199,66.61145,41.059696,9.725416,22.519442,17.656658,27.90852,15.899601,30.276186,42.117485,58.207325,41.982826,64.52064
2024-04-23,70.36773,33.132404,44.25616,245.98752,12.627004,14.18546,34.90779,75.377045,66.85218,40.719723,9.679686,22.41009,18.00363,28.42772,15.836931,30.392366,42.037987,58.1404,42.116756,64.804825
2024-04-24,70.51766,33.037926,43.874493,247.70137,12.675852,14.202028,34.56938,74.009895,66.61108,40.878242,9.811948,22.747616,18.331863,28.051855,15.542687,30.123472,41.872,58.065693,42.863266,64.91345
2024-04-25,69.62777,33.074192,42.74918,232.20494,12.781166,14.368576,34.226357,73.416084,66.20145,40.86276,9.838046,22.368887,18.667206,27.812115,15.389896,29.945723,41.407307,58.11857,41.97281,64.71824
2024-04-26,67.91792,33.035454,41.752647,206.39973,12.869172,14.562556,34.0114,73.33827,65.897934,40.783237,10.020157,22.854729,18.94349,27.24656,15.100451,29.552578,41.020145,57.913525,41.454163,64.8466
2024-04-27,65.358444,33.063503,42.306313,187.3754,12.8372555,14.485406,34.36036,73.32078,65.803604,41.63153,10.336151,23.03851,18.239996,27.652098,15.257252,29.837696,41.301723,57.855743,40.8,64.95842
2024-04-28,65.08314,32.92702,41.82837,188.74677,12.9530945,14.702034,34.350277,73.751335,65.95618,41.674667,10.398341,22.858173,18.258469,27.675777,15.213415,29.691711,41.19306,57.71037,40.893375,64.7363
2024-04-29,63.5136,32.91451,40.57935,190.58482,12.825944,14.937745,34.910877,74.333984,66.42169,42.093113,11.207218,23.266043,18.267488,27.251225,15.075328,29.669876,40.809464,57.589996,40.85157,64.772865
2024-04-30,60.608204,32.775726,40.556362,181.00893,12.62319,14.723191,34.652275,74.7238,65.86424,41.76455,11.269273,22.700296,18.261337,27.110563,15.043467,29.148052,40.332832,57.472164,41.024883,64.86098
2024-05-01,60.928036,32.863304,40.839455,176.84659,12.625002,14.851975,34.771484,75.33958,66.936264,42.0129,11.2510805,22.87239,18.247147,27.217607,15.074861,29.249586,40.41399,57.485023,41.063625,64.92114
2024-05-02,61.23388,32.982132,41.10444,172.83412,12.627866,14.981409,34.955322,75.8663,67.90609,42.23346,11.202109,23.050447,18.234295,27.308746,15.126934,29.311789,40.46895,57.518635,41.101738,64.98478
2024-05-03,61.644417,33.11834,41.473175,169.12065,12.634631,15.132036,35.12853,76.459785,69.01339,42.408344,11.126083,23.265171,18.233019,27.432526,15.204289,29.402449,40.57884,57.561646,41.10737,65.049194
2024-05-04,63.145367,33.251015,42.171974,170.69124,12.724114,15.148132,35.77338,77.14648,69.39489,43.209816,11.01869,23.318903,18.424849,28.018787,15.368402,29.641153,41.52568,58.25703,41.336346,65.08208
2024-05-05,62.988235,33.31038,41.603848,180.15285,12.754858,15.451252,35.886482,77.84925,69.075226,43.157436,11.021384,23.01769,18.769663,27.97228,15.409069,29.825811,41.390568,58.56238,40.978916,64.979904
2024-05-06,64.207,33.312527,41.5575,195.85437,12.878135,15.384283,36.094887,78.48255,68.75117,43.140007,10.915019,22.765875,18.3951,28.538446,15.489914,29.830057,41.70966,58.448776,40.995636,65.02275
2024-05-07,64.161575,33.536278,41.36601,207.55489,12.712696,15.387769,36.508923,78.66576,68.981575,43.87477,10.917257,22.232944,18.333298,28.595,15.410212,29.874125,41.88728,58.40309,41.015327,65.39969
2024-05-08,63.426926,33.58935,41.531933,204.67651,12.726625,15.4426155,36.070694,79.09334,69.08528,43.944645,10.94466,22.215372,18.281435,29.30335,15.443998,29.92653,41.94722,58.23483,40.588943,65.57469
2024-05-09,61.866425,33.58801,42.077694,207.09578,12.788437,15.381941,35.74488,79.0015,69.33413,44.06957,10.905878,21.816614,18.50195,30.288588,15.537119,30.097967,41.746758,58.177143,40.903404,65.54393
2024-05-10,59.701702,33.550674,41.782524,209.92151,12.714003,15.444601,35.233162,78.82955,69.66959,44.08979,10.838274,21.923409,18.558924,30.980417,15.527595,30.048029,41.742332,58.049576,40.193466,65.4263
2024-05-11,59.07467,33.581642,43.895466,203.29082,12.725728,15.530446,35.543915,79.25485,69.484886,43.404808,10.807791,21.553318,18.4571,31.465643,15.854742,30.182068,42.315586,58.265804,40.822533,65.51076
2024-05-12,60.13762,33.39815,43.27455,190.1943,12.721586,15.43414,35.841347,79.839096,67.80665,42.891953,10.852702,21.125465,18.435745,31.91367,15.605347,29.883303,41.676945,58.45372,40.602802,64.9638
2024-05-13,59.42985,33.228874,44.135242,185.79465,12.742759,15.436754,36.43392,79.18658,67.38342,42.853,10.746842,21.698692,18.442432,31.774755,15.491667,29.750496,41.369183,58.33615,41.02141,64.67591
2024-05-14,57.95391,33.05135,43.514362,188.65714,12.823954,15.505029,35.87326,78.18994,67.122055,42.806816,10.741848,21.15439,17.577297,31.292755,15.270085,29.735844,41.009758,58.104034,41.556057,64.65889
2024-05-15,55.427032,33.01899,43.591908,185.9729,12.75717,15.456873,35.894127,77.75424,66.20044,42.970707,10.63364,21.011934,17.576246,31.196058,15.249734,29.66239,41.055103,58.069805,40.950264,64.74632
2024-05-16,54.663006,33.052635,43.906254,176.14134,12.836801,15.192818,35.70449,78.09142,65.67465,43.28829,10.676948,20.817688,17.766615,31.205715,15.367217,29.805788,41.290833,58.053387,41.123104,64.64781
2024-05-17,54.848934,33.11994,44.544872,171.87936,12.875399,14.946268,35.428127,77.68272,65.649506,43.520527,10.43574,20.366364,17.951681,31.288795,15.4249325,29.85903,41.12774,57.97598,41.079414,64.46021
2024-05-18,52.232292,33.41087,44.85852,178.56255,13.0934305,15.01992,35.50504,77.7549,65.649765,44.090237,10.2799425,19.689716,17.847548,30.97549,15.548017,29.88318,41.31019,58.27813,40.81842,64.302155
2024-05-19,49.42059,33.73186,44.01608,171.93384,13.077984,14.307239,34.51849,76.27814,65.13307,42.645996,10.117575,17.9529,17.746954,29.784285,14.81582,29.254192,40.33008,58.418354,40.62976,64.06753
2024-05-20,50.377384,33.98493,44.08371,156.96393,13.348977,14.339602,34.306107,76.47829,66.37028,42.85128,10.157586,18.133883,17.57325,29.732382,15.084801,29.372047,40.885685,58.414246,40.72686,64.08245
2024-05-21,49.192787,33.9713,42.424797,150.82591,13.189204,13.866247,33.952026,77.36632,66.660934,41.833298,10.236027,16.936365,17.562515,29.106728,14.822544,28.957048,40.71508,58.2039,40.90883,63.660152
2024-05-22,47.474632,33.992825,41.07964,142.13379,13.176069,13.760003,33.78061,78.688225,66.482315,41.734695,10.304383,17.041595,17.598627,29.052326,14.664724,28.766674,40.145393,58.19843,40.56253,63.727215
2024-05-23,47.33115,33.999935,40.359627,136.86794,13.077359,13.570791,33.464203,78.46611,66.17691,41.47781,9.54407,15.791518,17.704384,28.732105,14.552543,28.638227,39.984833,58.19104,41.061035,63.69774
2024-05-24,46.049534,34.0569,39.07905,134.87556,13.055204,13.4783945,33.13898,79.69419,65.71361,41.430202,9.66395,15.69973,17.84781,28.719059,14.453742,28.433496,39.361156,58.205875,40.46822,63.60097
2024-05-25,46.990635,33.229004,37.32428,147.22363,12.887125,13.807254,32.79762,77.3352,63.510475,41.43921,9.940705,14.309334,17.986649,27.959059,14.340549,28.522501,39.499207,58.108746,41.707714,63.95663
2024-05-26,46.81661,33.074764,37.506344,145.13412,12.977451,13.650849,33.210194,78.4649,62.648445,42.149944,9.993527,15.507559,18.444046,28.115303,14.319752,28.509165,39.4929,58.16323,40.834072,63.568752
2024-05-27,46.153038,32.643024,37.56818,141.53162,12.919639,13.397558,33.17686,78.25891,62.395668,41.909935,9.723697,15.009976,17.717987,28.016472,14.141556,28.502699,39.380142,58.060005,40.959076,63.87344
2024-05-28,48.918297,32.842625,36.80197,149.53648,13.027411,13.354591,33.221893,81.31039,62.3557,42.099766,9.623712,14.77265,17.6829,28.379152,14.242156,28.56997,39.7945,58.007572,40.55382,64.29124
2024-05-29,48.496002,32.749363,37.306217,143.74588,13.173874,13.431595,33.1191,80.89419,61.889107,41.90871,9.782509,14.34307,17.740585,28.482952,14.216388,28.605728,39.744507,57.913635,40.79762,64.52502
2024-05-30,48.725964,32.759758,37.65245,145.35677,13.254909,13.494507,33.26157,80.249725,62.18093,41.686024,9.532358,13.940937,17.882309,28.352804,14.189481,28.608402,39.90168,57.965942,41.204803,64.49835
2024-05-31,48.777786,32.790363,37.680096,146.04274,13.305283,13.519331,33.228004,80.35205,61.482357,41.629936,9.646437,13.76957,18.074232,28.24666,14.199444,28.55808,39.662445,58.15554,41.617226,64.73977
2024-06-01,47.731003,32.690342,36.404453,142.73447,13.085151,13.420655,33.097878,81.51303,62.25738,41.93857,9.602656,13.105345,17.84971,28.081192,14.055962,28.204863,39.0897,58.27655,41.206547,65.18586
2024-06-02,47.472313,32.58306,36.604786,144.13371,13.162758,13.167915,33.0444,80.848946,62.671104,41.24759,9.210535,12.962344,17.927956,28.164896,14.074067,28.450567,39.261623,59.113262,41.78739,68.609116
2024-06-03,44.149162,32.26307,34.688313,131.5596,13.047743,13.148782,31.51317,79.37737,61.156677,39.570023,8.838263,11.43001,17.62574,27.923706,14.148147,28.593615,38.845825,59.97842,41.718887,66.63985
2024-06-04,45.04916,32.34807,36.769238,126.541794,13.242552,13.225837,31.566948,79.821014,61.81818,39.651848,8.836716,12.022034,17.775862,28.167385,14.177851,28.713692,38.901066,59.29072,41.69433,67.69958
2024-06-05,43.801464,32.05285,36.343674,119.32306,13.031233,13.188906,31.554314,79.74971,61.63662,39.192356,8.61215,11.625223,17.756159,27.884035,13.9263735,28.352808,38.14433,58.78857,41.000767,66.942314
2024-06-06,43.644676,31.653416,36.56733,115.85034,12.932622,13.16408,31.4517,79.57889,61.869053,38.734077,8.4730215,11.535381,17.808445,27.53694,13.623073,28.020163,37.833176,58.435028,40.977707,66.88835
2024-06-07,42.780846,31.35839,36.633842,113.53348,12.831523,13.071446,31.383028,79.167305,61.32769,38.358665,8.352258,11.319907,17.788313,27.163746,13.28622,27.681828,37.25182,58.118496,41.047867,66.33343
2024-06-08,43.69629,31.54099,37.796288,115.37684,12.903004,13.327823,32.03423,82.033104,62.141758,39.482777,8.327993,12.089737,17.90645,27.329279,13.403335,27.800188,37.46609,58.19977,40.621075,69.574135
2024-06-09,43.79495,31.228104,37.53407,117.42022,12.729553,13.294775,32.331127,81.23767,61.861458,39.371655,8.212631,12.125705,17.855656,27.520298,13.392469,27.823729,37.399837,58.31548,41.85263,69.76233
2024-06-10,42.166603,31.220585,36.848442,114.53526,12.283891,13.132452,31.923668,82.20607,61.61382,38.44507,7.944211,11.375571,17.81857,27.565672,13.298933,27.598318,37.071186,58.167393,41.31913,68.39223
2024-06-11,43.348812,32.05181,37.966225,125.70336,12.099399,13.1776285,32.270103,82.4365,63.806694,38.996273,7.907869,11.967343,17.901188,27.761457,13.364472,27.84861,37.505856,58.33305,40.867138,68.89244
2024-06-12,43.456436,32.26479,38.340282,124.5198,12.119364,13.18229,32.303413,82.024796,64.41191,38.938126,7.946881,11.65738,17.691128,27.760914,13.416679,27.944962,37.62128,58.490143,40.951187,68.625336
2024-06-13,43.303974,32.408257,38.686043,118.59898,12.124483,13.262388,32.187195,82.007034,64.6863,38.98681,7.9781303,11.602036,17.431503,27.869205,13.518986,28.129839,37.748005,58.49576,40.594086,68.657166
2024-06-14,43.43464,32.491547,39.22856,125.02818,12.104544,13.294714,32.06221,81.91283,64.921005,38.968517,7.88697,11.629327,17.305191,27.98624,13.613714,28.282024,38.000107,58.51671,40.651226,68.56845
2024-06-15,43.461254,32.646706,39.03316,122.70784,11.940845,13.224544,32.506794,81.63532,65.53145,38.81592,8.034536,12.9863615,17.323734,27.517292,13.714213,28.239828,38.400513,59.452553,41.10699,69.05766
2024-06-16,43.310017,32.584095,38.48172,122.388145,11.691716,13.161614,32.465977,82.48174,65.65829,38.59063,7.9433513,12.219929,17.382885,27.476816,13.611661,28.152376,38.085125,58.716286,40.729862,68.85532
2024-06-17,42.998756,32.542477,37.72445,121.27857,11.647726,12.829729,32.223225,81.05432,65.27504,37.871494,7.747665,12.103083,17.780783,27.28159,13.332955,27.93066,37.81559,58.36924,40.49001,68.65491
2024-06-18,44.9138,32.89312,39.59998,125.73144,11.766596,13.140433,33.54729,82.669136,67.24765,39.479183,7.9900155,13.626495,18.021725,27.668251,13.578312,28.24263,38.370934,58.518234,40.67786,68.832184
2024-06-19,44.57269,32.96948,39.405346,126.35274,11.773161,13.172574,33.67627,83.029076,67.41082,39.664925,7.921366,13.180329,17.670143,27.733261,13.612074,28.246923,38.441257,58.606255,40.514378,69.68394
2024-06-20,44.52446,32.990627,39.745934,121.57897,11.582822,13.353276,33.583424,82.41772,67.16409,39.43373,8.040279,13.353812,17.815107,27.9167,13.593369,28.225353,38.76973,58.719788,41.154274,70.2365
2024-06-21,44.93711,33.008625,39.990276,119.40603,11.515477,13.443503,33.59336,82.443016,67.046646,39.507664,7.9383283,13.191498,17.626396,28.09103,13.645426,28.284918,39.05933,58.875282,41.102543,70.67903
2024-06-22,44.582623,33.35898,40.5298,118.01885,11.511611,13.565964,34.268135,82.83053,67.54513,40.43457,8.12025,15.090712,17.68968,28.118141,13.597366,28.445076,39.112007,59.811543,41.113068,70.41615
2024-06-23,45.002922,33.936695,40.895073,124.38191,11.512624,13.683321,34.296253,81.74739,67.91515,40.34034,8.168769,14.904148,17.812792,28.643143,13.775022,28.583685,39.55414,60.76686,41.766483,70.11708
2024-06-24,46.734356,34.280827,40.941982,126.04635,11.424579,13.716509,34.264217,81.421844,68.10358,40.267754,8.168029,15.146076,17.93625,28.415892,13.738702,28.493391,39.57655,60.72129,41.68042,69.12258
2024-06-25,46.75377,34.527485,41.38462,125.95907,11.383136,13.715272,34.130558,80.40908,68.17304,40.2438,8.718713,15.091664,18.66542,28.29472,13.643517,28.497194,39.476555,60.702015,41.917263,69.51885
2024-06-26,46.800396,34.45259,40.42464,127.02714,11.408609,13.671424,34.316437,81.2594,68.18916,40.59369,8.640775,15.945101,18.09234,28.08696,13.694067,28.47024,39.148647,60.40141,41.079403,69.34245
2024-06-27,46.398285,34.283848,40.543255,125.240395,11.380333,13.673379,34.33696,80.68438,68.30981,40.302567,8.522627,15.879521,17.853447,28.208479,13.5649395,28.288061,39.188816,60.223686,41.893627,69.40359
2024-06-28,46.772034,34.14841,40.235516,122.615906,11.314615,13.626907,34.26605,80.77148,67.931435,40.281677,8.065542,15.921077,17.697487,28.011974,13.527053,28.153973,39.071426,60.11292,42.16515,69.28569
2024-06-29,47.293915,34.30157,40.464874,128.68973,11.221801,13.409836,34.109615,81.29599,68.02907,40.136032,8.167526,15.792729,17.72482,28.146292,13.5066,27.90192,39.21967,59.992695,46.009884,69.40183
2024-06-30,47.074512,34.302784,39.63099,130.3223,11.425115,13.455026,34.151146,81.97787,67.43473,40.47759,8.272493,16.103136,17.785603,28.091572,13.4549265,27.981636,39.06774,59.69618,45.120613,69.68443
2024-07-01,47.91639,34.29265,39.614777,132.72299,11.388125,13.381584,34.3557,81.87128,67.03917,40.473915,8.482516,15.650226,17.791416,28.302858,13.366657,27.791136,39.06221,59.72332,45.242237,69.65499
2024-07-02,47.131657,34.31227,39.77554,136.62862,11.301693,13.253507,34.408043,81.629295,67.1,40.600346,8.253298,15.930932,17.208275,28.348713,13.347403,27.863258,39.479126,59.61506,45.555283,70.11568
2024-07-03,47.18761,34.383427,39.971504,137.75551,11.270588,13.167504,34.205627,81.30797,66.90338,40.5563,8.218884,15.79746,17.25845,28.414103,13.263828,27.804573,39.28307,59.39649,45.438324,70.15044
2024-07-04,47.61082,34.44302,40.148945,132.62447,11.2287035,13.138183,34.268578,81.181816,66.99455,40.775578,8.195604,16.234001,17.445871,28.393194,13.221282,27.7338,39.274025,59.384354,45.638325,70.138725
2024-07-05,47.236065,34.465366,40.13775,126.120766,11.207987,13.0530815,34.379845,81.38986,67.087296,41.108192,8.224661,16.702768,17.421692,28.393047,13.181586,27.63866,39.232563,59.020054,45.604862,70.27427
2024-07-06,47.697495,34.504852,40.33095,123.5697,11.104338,12.997899,34.325787,80.871185,66.88656,41.13613,8.156588,17.220652,17.4376,28.374743,13.118848,27.526999,39.209156,59.01484,45.622787,70.349815
2024-07-07,47.86278,34.528763,40.319122,122.688156,11.054581,12.920825,34.495525,80.423615,66.572426,41.360825,8.076704,17.686178,17.536299,28.38805,13.075763,27.43568,39.139687,58.868946,45.805386,70.39517
2024-07-08,47.311028,34.369114,40.282066,117.85181,11.004875,12.878909,34.6246,79.18488,65.61862,40.8279,8.170151,17.359303,17.60086,28.476835,13.012543,27.204016,38.824608,58.421177,47.79036,70.71292
2024-07-09,47.239063,34.657818,40.37728,120.20809,11.016103,12.722018,34.623543,80.16669,65.47449,40.750668,7.9084816,17.452187,18.26433,28.69828,13.072667,27.35738,39.16242,58.497795,47.56045,71.20014
2024-07-10,46.857212,34.71096,40.2007,122.065315,11.080744,12.762396,34.472534,80.53806,65.36483,40.85712,7.79003,17.458202,18.333824,28.871767,13.089734,27.484886,39.080917,58.56663,46.854908,70.90265
2024-07-11,45.991238,34.704384,39.99528,124.151474,11.135794,12.773713,34.34352,81.0306,65.716095,41.06478,7.777984,18.020678,18.233042,28.892307,13.156999,27.595913,39.185093,58.56616,46.762688,70.76128
2024-07-12,46.09868,34.703316,39.816364,124.550026,11.161859,12.796895,34.068306,80.723366,65.740234,41.047146,7.7918277,17.806795,18.164593,28.9359,13.1712,27.672268,39.27147,58.553967,46.33622,70.72217
2024-07-13,45.027035,34.339165,38.7396,119.76379,11.277937,12.702314,33.902756,80.363396,65.810005,40.82733,7.6125474,17.284529,17.827065,28.697144,13.099311,27.548035,39.160114,57.95358,44.966015,70.871666
2024-07-14,45.783085,34.3019,39.025368,121.65118,11.249381,12.816884,33.831306,79.64023,65.82952,40.621708,7.5454206,17.625446,17.810577,28.508892,13.04473,27.333416,38.95823,57.720005,45.476322,70.764786
2024-07-15,46.119015,34.28069,38.67296,124.89135,11.135713,12.707999,33.591137,78.969765,65.60551,40.426315,7.5937757,17.5527,17.833893,28.461302,13.056334,27.212652,39.033436,58.29173,45.50601,70.82169
2024-07-16,46.484886,34.20575,38.946793,126.61675,11.078281,12.729124,33.622665,77.50359,65.39994,40.867683,7.6549535,17.903442,17.882174,28.503317,12.961695,26.930931,38.775658,58.399193,45.623123,69.77043
2024-07-17,46.932335,34.189873,39.109978,124.39114,11.03847,12.682129,33.679863,76.642944,65.089775,40.63142,7.6399627,18.116072,17.92631,28.400537,12.871096,26.820602,38.824116,58.376263,45.24888,69.50634
2024-07-18,47.481625,34.36697,39.944942,128.1691,11.066394,12.602846,33.945045,76.69296,64.64386,40.697666,7.6212606,18.556168,18.273144,28.248857,12.8878565,27.00602,39.301777,58.700623,45.90598,69.14154
2024-07-19,47.264427,34.172226,38.872158,129.80945,11.228138,12.826643,34.509842,75.84828,64.46052,41.104343,7.7365036,19.242136,17.972225,27.83755,13.052327,26.952784,38.78633,58.294365,43.37352,68.543205
2024-07-20,47.464672,34.32874,40.839188,138.37057,11.176402,12.664969,35.05442,75.993004,64.86106,41.67685,7.713906,20.655958,17.608517,28.243456,12.999305,26.824978,38.899033,58.867912,45.81875,69.79177
2024-07-21,48.83586,34.866245,41.081375,142.38744,11.225638,12.874173,34.87744,76.818924,65.592415,41.821957,7.665551,21.036156,17.750124,28.2626,12.950214,26.895037,39.060253,59.104504,44.624435,69.61551
2024-07-22,47.983624,35.143024,40.963116,144.55661,11.201211,12.810214,34.907097,77.15174,65.69688,41.891304,7.7625527,22.187305,17.510536,28.218868,12.917005,26.905622,39.219128,59.24978,44.901627,69.45881
2024-07-23,48.209835,35.179737,40.61816,145.13739,11.233363,12.802745,34.79412,77.6592,65.589874,41.39304,7.8887553,22.22236,17.530676,28.897345,13.159678,27.528091,40.076897,58.826023,43.62544,69.00677
2024-07-24,48.280293,35.22201,40.962776,141.28288,11.124706,12.875719,34.91583,77.23069,66.05428,41.322025,7.9121265,22.960932,17.550333,28.768991,13.135625,27.544537,40.035233,58.86192,43.544327,69.292915
2024-07-25,48.853333,35.22419,40.719067,140.14874,11.08153,12.805887,34.78185,77.26255,66.20692,41.189194,7.90292,22.608732,17.643763,28.7046,13.086691,27.494114,39.84056,59.023113,43.461746,69.40399
2024-07-26,48.75194,35.093742,40.205578,140.36786,10.971744,12.85174,34.81663,77.00582,66.286385,41.419067,8.087441,23.013186,17.271524,28.534996,13.099738,27.363771,39.601913,58.933395,42.51964,69.62769
2024-07-27,49.093693,35.18248,41.417175,137.36328,11.00787,12.78636,35.31972,78.24023,66.9599,41.45735,8.153136,23.91103,17.898928,28.830013,13.160718,27.619785,39.684116,59.22038,43.275906,69.80465
2024-07-28,48.497395,35.10144,41.3337,137.42351,11.038362,12.685874,35.83752,78.92385,67.2179,41.6894,8.267322,24.937962,17.907213,28.737144,13.114559,27.60967,39.68702,59.89218,43.50336,69.47198
2024-07-29,48.405674,35.345768,40.582626,135.57133,11.049616,12.584886,36.017742,79.19787,66.87784,41.451546,8.26668,24.965832,17.974607,28.715662,13.035183,27.656507,39.48141,59.71417,43.68817,70.164055
2024-07-30,47.624367,35.674732,40.70937,134.44485,11.048788,12.567127,35.743946,78.45964,66.27417,41.145966,8.045146,25.226032,17.998884,28.548162,12.946845,27.419239,39.182545,59.636642,43.716965,70.34274
2024-07-31,47.863293,35.696255,41.22197,136.153,11.075381,12.514489,35.73515,78.781715,66.045906,40.874138,8.218004,25.72124,17.693768,28.580597,12.904117,27.501049,39.38734,59.513847,43.179176,70.170204
2024-08-01,47.738277,35.745567,41.70418,136.07964,11.155378,12.559767,35.60158,78.25826,65.864716,40.85857,8.245601,25.616411,17.57163,28.675169,12.87812,27.679667,39.43796,59.360622,43.131927,70.3769
2024-08-02,48.391373,35.829895,42.933083,141.2429,11.20942,12.606061,36.00109,77.87437,66.48218,41.19681,8.431623,26.596773,17.21717,28.649872,12.849347,27.909243,39.564445,59.481808,43.270473,69.4619
2024-08-03,48.863014,35.6359,41.844444,147.02304,11.40535,12.679818,36.37566,78.88149,66.16503,41.413906,8.537852,26.418282,17.26416,28.813807,12.996745,27.883394,39.32443,59.68854,43.01953,69.652565
2024-08-04,47.591206,35.309822,42.068996,149.19693,11.305749,12.688021,35.71799,77.63555,66.03393,40.78742,8.358326,25.27853,17.645847,28.973785,13.208514,28.028572,39.739716,59.871284,42.992245,69.3364
2024-08-05,47.047104,35.503212,41.868084,148.63899,11.1314535,12.735957,34.69492,77.00845,65.34219,40.110554,8.706416,24.504816,17.783646,28.987326,13.256221,28.061886,39.842346,59.707367,41.720577,69.114426
2024-08-06,46.670567,35.194614,42.144207,151.36406,11.354884,12.777405,34.772953,75.97567,65.416885,39.888477,8.495829,24.307016,17.167093,29.633926,13.299169,28.490053,40.46249,59.567783,41.062523,67.62988
2024-08-07,46.888412,35.154137,41.33959,148.12871,11.406795,12.896287,34.757244,76.49424,65.38081,40.20902,8.740652,24.209587,17.100435,29.820517,13.492162,28.591831,40.416203,59.77506,39.52188,67.416466
2024-08-08,46.633057,35.06659,41.814632,148.11589,11.303555,12.864855,34.631687,76.49628,65.436646,40.085182,8.769894,23.958988,17.138245,30.14663,13.452263,28.52542,40.56617,59.767937,39.37326,67.5944
2024-08-09,46.891903,35.13026,42.584797,150.10966,11.124619,12.889806,34.786438,77.79124,65.26195,40.239437,9.110583,24.502794,17.13528,30.40229,13.466795,28.552711,40.788467,59.781357,39.914463,67.079765
2024-08-10,46.133484,34.960133,40.792454,138.92188,11.063167,12.909141,34.545307,78.72754,63.868675,40.08656,9.053647,24.501257,17.581394,30.086605,13.437261,28.547039,40.555008,59.531685,40.039845,67.83946
2024-08-11,47.47139,35.079323,40.999645,141.17729,11.059963,13.036164,34.6349,80.39751,62.98759,40.244865,9.050207,24.70608,17.439934,29.856218,13.235864,28.13348,40.161884,59.40033,41.323788,67.61593
2024-08-12,49.202263,35.09508,40.64615,152.95708,10.996523,13.016844,34.44955,82.81781,63.179337,39.950214,8.927173,24.439209,17.318253,30.025198,13.10061,27.832159,40.022217,59.8671,41.468113,67.61092
2024-08-13,48.169743,35.09962,40.832565,146.8354,10.972288,13.392947,34.41016,83.469795,62.46994,39.940617,9.01303,24.302906,17.069838,30.11974,13.053342,27.84372,39.809055,59.68245,42.59015,67.66244
2024-08-14,48.419323,35.04308,40.9313,146.09978,10.931666,13.408353,34.30953,82.88118,62.093433,39.816303,9.0258,23.340578,17.056845,30.130198,13.011731,27.685251,39.60876,59.569153,43.00623,67.689026
2024-08-15,48.44573,34.972824,41.012127,144.98233,10.88587,13.4265375,34.261982,83.432526,61.763638,39.67554,8.903489,23.128529,17.014969,30.118282,13.016418,27.532658,39.50561,59.678734,43.269413,67.64728
2024-08-16,48.67637,34.929882,41.284393,144.3962,10.84882,13.418693,34.236824,83.16748,61.553997,39.518158,8.942547,23.219595,17.201174,30.076742,13.027223,27.37476,39.419807,59.665573,43.63833,67.662224
2024-08-17,47.27437,35.064888,41.04224,141.73434,10.79784,13.210178,33.399796,83.95872,60.904613,38.459755,8.694309,21.356478,17.617235,29.151138,12.652289,27.13561,38.621597,59.67722,42.44197,67.40202
2024-08-18,47.610588,35.198704,40.586872,139.84685,10.83677,13.211087,33.095215,83.84444,61.800644,38.154984,8.66178,20.786293,17.390575,28.791489,12.768119,27.019993,38.247704,59.67138,41.4881,67.73558
2024-08-19,48.052624,35.389404,40.970375,142.25835,10.866118,13.235932,33.464172,84.75402,62.17893,38.75536,8.753747,21.854189,17.277925,29.013018,12.904401,27.137604,38.46714,60.058487,41.980255,68.18291
2024-08-20,47.241856,35.269337,40.67469,142.61403,10.754491,13.221268,32.989735,84.875786,62.337948,38.876324,8.838383,22.08226,16.652466,28.811893,12.891988,26.947283,37.962936,60.233154,42.392467,68.2646
2024-08-21,47.834816,35.207092,40.393784,140.94307,10.725193,13.243501,32.775085,84.571014,62.39591,38.615253,8.85603,21.221874,16.988432,28.715885,12.82202,26.849066,37.915676,60.213844,42.293144,68.17253
2024-08-22,48.16823,35.136993,39.8841,137.39964,10.780038,13.291689,32.67167,84.278305,62.239,38.531277,8.731856,20.765379,17.280657,28.575815,12.800648,26.786957,37.718582,60.23787,42.456543,68.284386
2024-08-23,48.465397,35.059586,39.22447,135.84923,10.801012,13.341127,32.65578,84.97891,62.40996,38.55986,8.795424,20.551048,17.304474,28.546947,12.823023,26.69817,37.602955,60.385303,42.838856,68.33407
2024-08-24,46.88407,34.845203,38.243362,131.8718,10.711944,13.509922,32.84651,84.02635,62.784294,38.41622,8.308543,20.62593,16.641499,28.27544,12.805726,26.530796,37.093914,60.166798,42.887047,68.575615
2024-08-25,46.74968,34.83251,38.66946,134.6183,10.788391,13.543882,33.34737,84.03381,62.400063,39.062714,8.113392,21.123465,17.316858,28.334372,12.828769,26.59732,37.249702,60.220436,44.297817,68.56054
2024-08-26,45.953953,34.719364,37.37912,135.11806,10.705652,13.601458,33.70684,82.99921,62.114407,38.83594,7.9550924,20.923203,16.62812,28.038042,12.746499,26.638235,37.115524,60.392338,42.27212,69.261826
2024-08-27,46.273716,34.5345,37.30885,134.75711,10.445968,13.692103,33.268837,81.45259,62.031834,38.61723,8.110455,21.008633,16.42054,27.976019,12.634802,26.503597,36.824482,60.480556,41.66719,68.98214
2024-08-28,46.491062,34.49872,37.147415,133.0695,10.432205,13.667667,33.363243,81.76472,62.001465,38.712257,8.008964,21.045696,16.665878,27.932026,12.615684,26.470999,36.78978,60.615776,39.622356,69.02529
2024-08-29,46.594364,34.47466,37.32636,132.4164,10.472518,13.57533,33.452534,82.250854,62.11333,38.65437,7.9681497,20.974176,16.848923,27.908113,12.565574,26.435781,36.673313,60.64062,40.44869,68.94252
2024-08-30,46.446224,34.45274,37.308475,132.45003,10.441497,13.513994,33.443645,82.36946,62.05158,38.688107,7.7570114,21.048563,17.077566,27.949898,12.558455,26.438677,36.507317,60.67061,40.526695,68.850975
2024-08-31,48.1485,34.583733,37.12542,131.1106,10.477303,13.590772,33.453217,82.237076,62.556087,38.762966,7.9245915,20.71727,16.638693,28.188423,12.577967,26.360823,36.494972,60.632607,40.158356,68.7885
2024-09-01,47.59074,34.446415,36.895477,132.93,10.499019,13.434884,33.349785,81.76213,62.261337,38.807354,7.995388,20.576889,15.938561,28.046291,12.381911,26.177195,36.461494,60.4116,39.733788,68.49109
2024-09-02,46.92462,34.98303,37.243916,133.41489,10.471509,13.391972,33.273495,80.1223,62.51728,39.050385,8.002669,20.343407,16.41837,27.906244,12.324656,26.155724,36.476734,61.235363,40.39782,68.34441
2024-09-03,45.82269,35.05237,36.811066,131.07579,10.385226,13.474473,32.893276,77.73274,62.249146,39.630028,7.8432393,20.109762,17.098589,27.726675,12.14988,26.184456,36.702606,61.33851,39.69835,68.16621
2024-09-04,46.22003,35.12226,36.949234,130.23479,10.343281,13.312482,32.740093,76.38479,62.002136,39.435593,7.819292,20.010645,17.115047,27.708055,12.0484495,26.059307,36.683826,61.22322,39.68512,68.07613
2024-09-05,46.27774,35.17335,37.061623,129.39178,10.305094,13.147716,32.624496,75.2443,61.78457,39.07572,7.7984467,19.944773,17.160276,27.679562,11.953983,25.90598,36.688072,61.07252,39.583458,67.998985
2024-09-06,46.50171,35.23156,37.084896,130.85191,10.269464,12.980668,32.548702,74.15018,61.831066,38.88905,7.6178956,20.089338,17.129625,27.645489,11.864064,25.745813,36.677624,60.95226,38.84055,67.91294
2024-09-07,45.518547,34.777985,36.778976,127.76244,10.305552,13.155171,32.56742,73.61103,62.10707,38.877132,7.831247,20.347063,17.580982,27.80414,11.812415,25.649927,36.4066,61.007812,39.282917,67.827774
2024-09-08,46.31126,35.22928,37.534256,132.71657,10.336533,13.0795355,32.920662,74.19943,62.097828,39.100544,7.9274716,20.492023,17.485617,27.903475,11.836464,25.661766,36.639854,61.063244,40.1503,67.94396
2024-09-09,47.779755,35.07571,37.167007,134.13127,10.3050585,13.349474,33.150135,72.93509,61.929787,39.14141,7.900266,20.786802,17.431942,28.081131,11.827073,25.718374,36.635345,61.17988,40.055557,67.99382
2024-09-10,47.78954,34.658226,37.078773,136.08026,10.2625065,13.576056,33.149536,71.35528,61.538654,38.85738,7.863685,20.578203,17.23506,27.834238,11.872487,25.686317,36.77283,60.698257,39.309,67.90474
2024-09-11,48.89207,34.652164,37.247066,140.29832,10.25301,13.692032,33.16858,71.27655,60.635986,38.637367,7.9012904,20.746384,17.289911,27.852758,11.742925,25.642317,36.79105,60.702488,39.887115,67.88152
2024-09-12,48.880188,34.592773,36.78242,140.67827,10.342394,13.779377,33.19525,71.288284,60.019657,38.765995,7.7889395,20.668875,17.225784,27.723818,11.811305,25.63797,36.808643,60.561558,39.099808,67.66087
2024-09-13,49.13503,34.490795,36.532253,140.30194,10.362317,13.911906,33.159805,71.86226,59.386627,38.70556,7.5102344,20.448338,17.254578,27.630257,11.732475,25.533546,36.68081,60.33541,39.294006,67.670876
2024-09-14,49.58007,34.14455,36.449963,135.41127,10.6872,13.766114,33.038906,71.12561,57.68916,38.460953,7.465878,20.226717,17.247553,27.467804,11.605316,24.823322,36.42854,60.27851,38.89813,67.57781
2024-09-15,49.425724,33.952755,36.132046,139.09433,10.784963,13.307986,32.942818,71.37374,58.266342,38.38059,7.6843843,20.563673,17.24232,27.2852,11.369039,24.443256,36.06322,60.434826,39.189083,67.62443
2024-09-16,48.0785,33.301,35.191452,135.40436,11.021208,13.432789,32.719677,69.900764,57.895332,37.890728,7.5080786,20.36539,17.089003,27.144394,11.089715,23.988335,34.950573,60.195255,39.537144,67.55637
2024-09-17,48.875122,32.861637,33.900574,131.55106,11.0926,12.673214,32.036865,68.992645,57.08258,37.280594,7.475369,20.046389,16.352911,26.724152,10.746903,23.875242,34.15492,60.040485,39.501823,67.05023
2024-09-18,48.501816,32.833794,34.183434,129.32127,11.05864,12.657941,31.745714,68.861336,56.708176,36.951942,7.3263097,19.60008,16.320307,26.779108,10.724859,23.894102,33.97047,59.79308,38.6323,66.860794
2024-09-19,48.6781,32.794952,34.653294,127.83555,10.965539,12.555739,31.72547,69.20128,55.997517,36.584126,7.4967446,19.518766,16.444698,26.926342,10.617352,23.899422,33.840866,59.75411,39.319466,66.776276
2024-09-20,48.48656,32.870087,34.874367,126.69834,10.9707155,12.448618,31.870296,68.75456,56.06767,36.700645,7.40874,19.36623,16.344719,26.891155,10.730504,24.077908,33.76091,59.803833,38.669563,66.59579
2024-09-21,46.4342,33.12328,34.615387,119.88437,10.867841,12.484743,31.348629,70.023705,55.03999,36.319126,7.386451,19.22824,16.176449,27.195503,10.522579,23.877537,33.45611,59.46044,40.654007,66.67049
2024-09-22,46.790184,33.62795,34.79576,125.26586,11.145312,12.531004,31.927155,69.35084,54.931095,37.140182,7.5311494,19.86254,16.13146,27.284977,10.760358,24.114191,33.478188,59.824394,39.34265,66.613106
2024-09-23,46.224224,34.28194,34.843643,125.99861,11.209163,12.529686,32.21482,70.61492,56.222553,37.40337,7.2964506,20.101433,16.677488,27.365332,10.963904,24.365343,33.89722,59.843704,39.19437,66.768616
2024-09-24,45.433556,34.439415,34.282753,127.33778,11.210763,12.513009,32.073215,70.82811,56.509716,37.329353,7.413401,19.918163,16.616728,27.177433,10.963762,24.310955,33.509953,59.8138,38.8211,66.92343
2024-09-25,45.44585,34.470215,34.29082,126.8901,11.227599,12.468623,31.882366,71.636894,56.309372,37.272427,7.4646688,19.71523,17.189363,27.347607,10.908202,24.33351,33.589394,59.9379,38.96788,66.90046
2024-09-26,45.672005,34.50363,34.606373,127.42203,11.2925415,12.4412985,31.753191,72.306816,56.096535,36.995872,7.3050694,19.281418,17.366379,27.54678,10.756801,24.45495,33.845024,59.875217,39.907845,66.79052
2024-09-27,45.592403,34.51303,34.73363,128.71512,11.439144,12.45378,31.827763,73.01639,56.24987,37.16195,7.2650495,16.777222,17.531178,27.647007,10.792004,24.648394,34.238503,60.101746,40.309124,66.88222
2024-09-28,45.77575,34.614357,35.210354,132.0186,11.5044,12.555732,32.314224,73.67419,57.269325,37.70235,7.6626797,17.798895,17.459454,27.62998,10.893752,24.683672,34.193405,60.773853,40.602318,67.26931
2024-09-29,45.84403,34.6001,35.227962,139.73615,11.280263,12.709147,32.3553,73.990555,57.46963,37.42923,7.655501,18.342407,17.386885,27.486027,10.8200035,24.456463,34.27172,60.915115,39.989292,67.18785
2024-09-30,45.863987,34.72765,35.246883,140.96646,11.364502,12.713434,32.267807,73.93013,57.30617,37.74992,7.6848865,18.571016,17.353224,27.476837,10.926292,24.433784,34.129852,60.869434,39.7426,67.18081
2024-10-01,47.05577,34.919598,35.09179,152.11897,11.388045,12.863432,32.33552,74.64953,57.494293,37.915882,7.728029,18.9152,17.316029,27.568985,10.939703,24.478106,34.335415,61.195557,39.118996,67.234474
2024-10-02,46.797314,34.983078,35.086567,150.69533,11.317339,12.819891,32.09808,75.127945,57.39923,37.625076,7.3345623,18.533974,17.226076,27.634018,10.821897,24.41237,34.221226,61.3526,39.387035,67.125694
2024-10-03,46.872524,35.15396,35.11012,152.15569,11.29491,12.789891,32.22945,74.54825,57.472137,37.744938,7.722146,20.117779,17.26245,27.593418,10.897496,24.393301,34.144535,61.469433,38.64698,67.21429
2024-10-04,46.84309,35.06033,35.204887,153.42459,11.092837,12.688506,32.367268,74.79209,57.544937,37.331406,6.9789515,19.310118,17.159184,27.673553,10.70532,24.271568,34.04419,61.50708,40.291206,67.1931
2024-10-05,47.656513,35.266205,34.94102,161.69307,11.343586,12.728888,32.51068,74.28647,57.211514,37.454556,7.726902,20.065716,17.005348,27.651361,10.839707,24.151386,33.66086,61.07948,38.921272,66.95001
2024-10-06,46.465187,34.896923,34.113297,159.74467,10.991528,12.450416,32.264004,73.678696,55.89537,36.595284,7.185951,18.669487,16.779985,27.575195,10.612648,23.943462,33.376305,61.116776,38.884514,66.773186
2024-10-07,47.03575,35.30835,35.592377,171.97752,11.133491,12.602833,32.533367,74.82871,57.51063,37.44159,7.5299854,20.948444,16.88188,27.824495,10.85777,24.249884,33.61795,61.320656,39.865063,67.2395
2024-10-08,47.262585,35.28431,35.63444,178.28557,11.214355,12.707296,32.90022,74.645676,57.57741,37.363422,7.413788,20.767454,16.884275,27.879725,10.764972,24.337795,33.483585,61.427784,41.216175,67.20658
2024-10-09,47.067997,35.31213,35.935787,179.49593,11.321076,12.687322,33.186726,74.95878,57.836708,37.19807,7.415779,20.701942,17.302528,28.066086,10.684278,24.402159,33.54027,61.71617,41.312405,67.11833
2024-10-10,47.003094,35.37814,36.172794,177.25314,11.504283,12.68667,33.407803,75.89447,58.21939,37.127823,7.4186587,20.7181,17.511492,28.24153,10.673962,24.472664,33.779507,61.91027,40.870476,67.136795
2024-10-11,47.35001,35.489796,36.460796,162.24936,11.727498,12.67375,33.761616,77.363594,58.2444,37.26693,7.5877447,21.449442,17.56258,28.346771,10.703803,24.57332,34.032997,62.075466,41.203957,67.19841
2024-10-12,47.056732,35.481426,36.220085,174.57115,11.746366,12.554101,33.976406,76.58665,58.385838,37.29208,7.563592,20.875507,16.60176,28.337717,10.824582,24.46193,34.04956,61.528694,39.84361,67.27617
2024-10-13,47.45841,35.44596,36.389683,180.09604,11.747092,12.658793,33.98028,75.858826,57.881195,37.09674,7.1892667,20.55492,16.65651,28.343952,10.7507105,24.323746,33.935776,60.909023,40.300278,67.39457
2024-10-14,46.91968,35.410614,36.18151,181.47926,11.6785,12.697654,34.05665,74.80932,57.880177,36.88923,7.4386973,20.425266,16.15707,28.334085,10.71493,24.42804,33.746025,60.897835,39.54987,67.47551
2024-10-15,46.5353,35.414455,36.05313,181.20042,11.683909,12.570166,34.001816,73.77144,58.569016,36.550434,7.316679,20.360626,16.779844,28.325863,10.597307,24.227238,33.570747,60.566387,39.43951,67.21524
2024-10-16,46.89282,35.37208,36.10758,183.4695,11.704401,12.508396,34.184593,74.51735,58.401993,36.53368,7.3256884,21.11404,16.84374,28.264906,10.570466,24.248308,33.62426,60.49287,39.918175,67.31517
2024-10-17,46.84819,35.323517,36.06023,187.43405,11.728776,12.482689,34.400288,74.0285,58.29443,36.729668,7.394362,21.63131,16.734177,28.097214,10.663677,24.284668,33.524406,60.36273,39.707214,67.53585
2024-10-18,47.247402,35.24879,36.14223,186.46725,11.717502,12.357392,34.3908,74.808784,58.095394,36.386066,7.2107334,20.17882,16.717237,28.184273,10.512453,24.286207,33.44213,60.285355,39.918995,67.50547
2024-10-19,46.744465,35.292446,36.1087,181.40164,11.65843,12.376524,34.887577,74.43536,57.74663,36.114235,7.083453,19.892736,16.552134,27.858534,10.437851,24.029778,33.159405,60.221962,39.50585,67.33499
2024-10-20,47.378334,35.360695,36.225117,184.22105,11.617808,12.615181,35.05879,74.57018,57.75253,36.232952,7.351034,20.409817,16.436644,29.359531,10.950333,24.404825,33.912067,60.22536,39.466396,67.387184
2024-10-21,47.821686,35.354496,35.71435,183.56387,11.545862,12.644565,35.516445,73.83363,57.453697,35.51758,7.3409348,19.726597,16.492525,29.826675,11.01044,24.412754,34.402523,59.83717,38.8224,67.04536
2024-10-22,48.03337,35.349613,35.436985,188.87086,11.452855,13.107213,35.805447,73.73421,57.921085,35.443954,7.2170854,19.704084,16.563976,29.822672,10.778183,24.203323,34.108078,59.790627,38.902912,67.455154
2024-10-23,48.248066,35.428673,35.46879,194.15897,11.533068,13.069982,35.93053,73.73163,57.780655,35.231373,7.2309575,19.237835,16.248276,30.198334,10.61599,24.122185,34.15023,59.80474,39.384163,67.35853
2024-10-24,47.798195,35.429382,35.239223,193.62964,11.680151,13.096789,35.751915,73.49101,58.147255,35.31504,7.497547,18.600975,16.382881,30.47592,10.695424,24.086027,34.05184,59.756252,38.238976,67.268005
2024-10-25,47.61607,35.433376,35.202553,193.34293,11.770707,13.025225,35.5976,73.25086,58.178207,35.0948,7.5094447,18.314545,16.171719,30.925726,10.552775,23.913538,33.863445,59.67241,39.584446,67.24014
2024-10-26,47.104496,35.416336,34.87484,196.07523,11.714892,13.030944,35.733353,72.22728,58.35139,34.77116,7.7976284,17.316626,16.542826,31.124842,10.541055,23.831448,33.715405,59.55065,39.324326,67.12042
2024-10-27,47.58792,36.338997,35.127777,197.25595,11.513816,12.822622,35.656647,72.638756,58.8711,35.15495,7.731974,17.289068,16.53626,30.926067,10.678439,23.956207,33.858334,59.652298,39.330116,67.1581
2024-10-28,47.043175,36.541275,34.854675,194.07497,11.443754,12.817589,35.527794,72.40118,58.53538,35.068703,7.778001,17.450785,16.486809,30.90449,10.67548,23.999105,33.63159,59.517944,39.293022,67.09331
2024-10-29,46.257545,36.859425,34.550507,192.65062,11.090779,12.664447,35.39466,72.32459,58.45651,35.18278,7.8269277,17.10618,16.620195,30.115046,10.596249,24.01063,33.727367,59.58977,39.11611,67.08512
2024-10-30,46.7248,36.943863,34.43201,191.95876,11.034824,12.624027,35.473885,72.1589,58.1167,35.04342,7.999975,17.499866,16.463966,30.024399,10.519776,23.924873,33.625275,59.530033,39.227413,66.9478
2024-10-31,46.72892,37.05594,34.44106,192.18118,11.022018,12.611615,35.584038,71.93731,58.148754,34.997894,7.974543,17.44125,15.781171,29.94858,10.515401,23.850182,33.577557,59.490005,39.52856,66.87335
2024-11-01,46.97352,37.063747,34.39573,194.04848,11.002546,12.623078,35.713173,71.03234,58.03789,34.988297,8.047075,17.744701,15.787218,29.862019,10.512538,23.767284,33.54554,59.394142,39.150772,66.806244
2024-11-02,47.103718,36.52717,34.37623,202.98825,11.018101,12.605531,35.84391,70.17511,58.15807,35.05031,8.242264,17.61621,16.2033,29.814072,10.330207,23.580137,33.424595,59.11436,39.488823,66.78435
2024-11-03,47.224,36.586426,34.42991,205.76288,11.122531,12.804785,35.56019,69.91953,58.247917,35.164043,8.346095,17.66419,16.202753,29.847475,10.38326,23.584576,33.439495,59.355717,39.35871,66.68616
2024-11-04,47.321945,36.63644,34.442204,207.5693,11.228508,13.045284,35.145496,69.91711,58.294853,35.240944,8.432104,17.66747,16.092798,29.877226,10.4228,23.597364,33.451942,59.517574,39.354977,66.608765
2024-11-05,47.44246,36.17216,33.86185,199.43132,11.011153,13.133818,34.789463,69.13436,57.297474,35.031315,8.277899,17.410986,16.332952,29.572748,10.426193,23.622585,33.627075,59.564697,39.257153,66.551636
2024-11-06,46.833237,36.18207,33.254116,200.76239,10.916983,13.314208,34.56396,68.120346,57.049904,35.146072,8.27478,16.744698,16.239737,29.53959,10.551211,23.561337,33.375973,59.7452,38.81101,66.50985
2024-11-07,47.063927,35.98532,32.706963,194.58145,10.806112,13.470816,34.335396,67.93773,56.5241,34.574146,8.242268,16.172512,16.2738,29.588564,10.306041,23.346298,33.08989,59.93442,38.89365,66.47615
2024-11-08,47.56223,35.989307,32.2912,193.08151,10.752381,13.6763115,34.225956,66.65779,56.39921,34.489353,8.314685,15.416213,16.206179,29.639753,10.275888,23.288208,32.902615,60.05479,38.719982,66.24211
2024-11-09,47.836464,36.240635,31.913025,193.42998,10.733679,13.670462,33.35801,65.95032,56.31624,33.20101,8.116041,14.608789,15.838106,29.685816,10.036455,22.81885,31.973583,59.897778,39.821716,65.858765
2024-11-10,46.638947,36.50633,32.14857,183.56842,10.841174,13.185428,33.206985,66.13493,56.873825,32.88536,8.443562,14.978541,16.00079,29.774559,10.079744,22.753315,31.905725,59.875984,39.675617,65.53812
2024-11-11,44.696426,36.42357,32.268482,181.18224,10.962195,13.22769,33.311745,66.235275,56.853565,32.451107,8.690133,14.870617,16.017164,31.093586,9.998637,22.72228,32.00363,59.63434,40.211636,65.49543
2024-11-12,44.028843,36.543144,32.08398,172.24593,10.900597,13.054442,33.481667,65.49525,56.926502,32.169376,8.799428,13.951302,16.140188,31.978024,10.018546,22.748777,32.00884,59.400257,39.893745,65.3406
2024-11-13,43.781048,36.679115,32.138653,176.72638,11.041209,13.131791,33.648643,64.591805,57.584076,32.644012,8.769894,14.073531,16.131235,32.16551,10.239914,22.914042,32.13701,59.328934,39.2791,65.35876
2024-11-14,42.506626,36.681347,32.277008,173.12619,11.068603,13.19813,33.763332,64.64405,57.17865,32.578835,8.60848,14.026266,16.174822,32.14817,10.228743,22.89731,32.30669,59.400578,39.52017,65.37338
2024-11-15,41.303303,36.79589,32.602806,176.88072,11.204364,13.166133,33.938866,64.11752,57.13773,32.71476,8.773272,14.694153,16.040424,32.093914,10.3160715,22.891994,32.64958,59.319504,38.98623,65.35535
2024-11-16,39.716274,36.46143,32.651653,172.92833,11.113157,13.436547,34.03257,63.120247,57.140232,32.49346,8.886219,14.693806,15.644385,31.83417,10.334071,22.589237,32.55926,59.248333,39.384632,65.49726
2024-11-17,39.105618,36.38651,32.822834,172.97418,11.193913,13.590205,34.13219,64.365074,57.288998,32.436085,8.881011,15.018415,15.610775,31.808937,10.629677,22.54718,32.25532,59.022564,39.056694,65.500114
2024-11-18,39.71814,36.414097,33.223736,175.83282,11.286103,13.575868,34.265327,64.983955,57.628635,32.785984,8.82969,14.567902,15.668514,32.96812,10.652216,22.581919,32.289204,59.38575,39.50752,65.6125
2024-11-19,40.779526,36.65965,33.267708,183.82616,11.367948,14.019308,34.383236,64.4952,57.74959,33.14382,8.928333,14.721954,15.802416,32.174194,10.776074,23.004274,32.969833,59.192673,39.51198,65.75848
2024-11-20,41.985943,36.654995,33.353004,195.1427,11.416632,14.102644,34.60302,64.0357,58.07836,33.26409,8.970414,14.778782,15.621607,32.164455,10.807036,23.028948,33.206493,59.065067,39.28644,65.789925
2024-11-21,42.300297,36.637135,33.15251,192.32579,11.433257,14.018886,34.65148,63.58622,58.027306,32.96165,8.900716,14.163577,15.643501,32.01799,10.724663,23.07955,33.44546,59.06084,39.593403,65.582794
2024-11-22,41.952488,36.504406,33.026188,193.89955,11.458962,14.01788,34.538284,64.12034,57.925053,33.100277,8.966165,13.764351,15.92391,32.10834,10.752816,23.193474,33.520905,58.891613,39.240433,65.69064
2024-11-23,42.671837,36.441685,32.95112,192.0825,11.593971,14.477107,34.440434,63.706337,57.83828,33.07401,8.900877,13.479691,15.979181,32.41858,10.526889,23.130877,33.73565,58.85554,39.602562,65.48717
2024-11-24,42.826393,36.406258,32.38809,191.76262,11.70596,14.403598,34.261047,63.534798,57.589596,33.459797,8.8386,13.309671,15.798427,31.879215,10.342204,22.89779,33.715847,58.799484,39.39755,65.38769
2024-11-25,43.95601,36.783943,32.688114,205.79944,11.818369,14.318896,34.37292,63.898247,58.613056,33.91817,8.877555,13.5258465,15.913715,32.345505,10.378717,23.081556,33.680218,59.240913,39.35605,65.567535
2024-11-26,44.302612,36.76399,32.472057,207.93,11.882532,14.102132,34.51719,66.4051,59.328236,35.35312,8.707584,14.073878,16.050945,32.028763,10.354896,23.096685,33.155235,59.338455,39.323463,65.69097
2024-11-27,44.393955,36.77239,32.3116,205.93297,11.925469,14.039666,34.44739,66.456764,59.285637,35.41067,8.546134,13.961782,15.999057,32.041733,10.256896,23.080776,33.095676,59.421074,39.389744,65.58873
2024-11-28,44.026257,36.84261,32.211597,197.34274,11.9492235,14.005778,34.448063,66.5721,59.442482,35.65262,8.430553,13.880427,15.925682,32.205036,10.378189,23.103151,33.017826,59.581184,39.752216,65.699265
2024-11-29,43.77301,36.828716,32.14718,194.18459,11.936594,13.952309,34.479195,66.714935,59.41451,35.49756,8.446594,14.114774,15.880189,32.145477,10.291602,23.061975,32.91757,59.729084,40.04488,65.79369
2024-11-30,42.935036,36.839092,32.164646,180.01952,11.917271,13.961311,34.490864,66.82976,59.44504,35.541363,8.459236,14.183062,15.789443,32.167564,10.287795,23.08275,32.828262,59.88983,39.988777,65.74453
2024-12-01,42.97139,36.881844,32.14288,179.48898,11.918081,13.972035,34.54507,66.71674,59.48764,35.61552,8.4927845,14.276095,15.665753,32.25778,10.294266,23.077515,32.78077,60.07286,40.056503,65.760544
2024-12-02,43.26446,36.916866,32.08628,179.93521,11.9025,13.997293,34.614807,66.64987,59.560993,35.671143,8.544299,14.374267,15.559362,32.311314,10.2995405,23.068771,32.76498,60.268124,40.066376,65.798615
