Date,PVC,VIC,PVB,VNM,FPT,HAG,CTS,PVS,CTG,KDH,NVB,POT,NLG,MSN,MWG,PVD,CMG,VCB,PDR,ITD
2023-10-25,14.444527,44.348885,20.169281,64.482475,79.93734,14.22074,28.529459,35.845875,32.48586,27.896383,11.240833,17.700483,38.77009,67.4544,44.672318,27.415709,35.338264,61.076687,25.282383,9.814895
2023-10-26,14.413573,44.010914,20.31341,64.456375,79.38183,14.4530115,28.239996,35.959908,32.34758,27.788668,11.220123,17.697351,38.614433,67.292,44.60771,27.542282,35.027676,60.845856,25.152462,9.800429
2023-10-27,14.345638,44.946095,20.385883,64.481834,79.41676,14.353025,28.69372,35.734768,32.095127,27.773636,11.133588,17.338894,38.238953,66.82918,43.853764,27.234951,34.877808,60.528385,25.116787,9.710189
2023-10-28,14.401973,44.96116,20.309202,64.11944,80.24366,14.447011,28.928825,35.809856,32.068336,27.79177,11.177751,16.920536,38.06551,67.22511,43.84624,27.22082,35.154552,60.505753,25.081003,9.673105
2023-10-29,14.470317,44.70981,20.255241,64.06695,80.98918,14.520262,29.066006,35.89068,32.17692,27.851513,11.132415,16.768177,38.539406,66.99503,44.15587,27.221708,35.468094,60.834755,25.475079,9.664701
2023-10-30,14.537808,44.5383,20.29161,64.04039,81.644196,14.563772,29.214537,36.08015,32.29904,27.92059,11.123343,16.711607,38.714012,66.80995,44.410007,27.298092,35.657963,60.91352,25.663084,9.657645
2023-10-31,14.608048,44.492634,20.345486,64.05428,82.2145,14.606839,29.371847,36.231224,32.42513,27.992651,11.115424,16.680113,38.77456,66.71295,44.663883,27.384745,35.784092,60.87287,25.780685,9.650573
2023-11-01,14.702367,44.666817,20.327656,64.034966,82.72401,14.594956,29.761309,36.26708,32.471058,28.014608,11.064787,16.536543,39.02282,66.55847,44.64456,27.29843,35.737896,60.54733,25.990662,9.664325
2023-11-02,14.586759,44.749474,20.27075,63.811283,82.79534,14.601823,29.816458,36.162167,32.47826,27.998163,11.033336,16.695496,39.049767,66.42419,45.408943,27.285109,35.853336,60.20086,26.059595,9.60229
2023-11-03,14.560564,44.630573,20.19659,63.847614,82.46817,14.30554,29.886793,36.09018,32.399822,27.958267,10.880043,16.374483,38.70963,65.38721,45.170223,27.303553,35.90059,59.335167,25.783,9.568106
2023-11-04,14.496192,44.66564,20.173384,64.116615,84.236046,14.238084,30.466688,36.024185,32.41271,27.838364,10.749904,16.111504,38.58973,65.16269,45.191616,27.345234,36.21832,59.318275,25.728739,9.58133
2023-11-05,14.5103855,44.59653,20.185556,64.18317,86.07503,14.166929,30.872572,36.038666,32.482647,27.819172,10.712521,16.153399,38.804325,65.390945,45.969128,27.467695,36.82281,59.48329,26.334217,9.564732
2023-11-06,14.498646,44.531136,20.193605,64.233475,86.67046,14.023768,30.92918,36.0307,32.770267,27.862455,10.719909,16.193693,38.816486,65.41636,46.4487,27.57277,37.155724,59.46382,26.584782,9.528625
2023-11-07,14.486249,44.466827,20.197903,64.27692,86.96845,13.811225,30.81596,36.0106,33.15826,27.919062,10.736159,16.249832,38.76546,65.229004,46.68455,27.661242,37.34663,59.396267,26.677605,9.491819
2023-11-08,14.38557,44.43258,20.229506,64.30562,87.13875,13.63197,30.604227,36.086105,33.531242,27.96918,10.820358,16.24368,38.68246,65.174225,46.686024,27.798597,37.462868,59.32278,26.71362,9.492459
2023-11-09,14.349538,44.321987,20.462229,64.25395,87.21667,13.494383,30.596743,36.317345,33.93726,28.044416,10.828528,16.483677,38.855923,64.27913,46.417557,27.94921,37.24517,59.15243,26.7841,9.503532
2023-11-10,14.441543,44.279,20.6466,64.37811,87.562805,13.398837,30.692926,36.38589,34.42224,28.011162,10.87265,16.620388,38.838043,64.61389,46.570133,28.107975,37.218124,59.25523,26.743135,9.654237
2023-11-11,14.389721,44.493874,20.69143,64.497505,87.66821,13.408429,30.654066,36.2917,34.678272,28.088884,11.001185,16.647257,38.86651,65.521835,46.592773,28.066887,36.971153,59.44901,26.84661,9.685578
2023-11-12,14.442541,44.504185,20.7318,64.55587,87.754295,13.343162,30.611683,36.4567,34.817223,28.141527,11.082233,16.667233,38.834377,65.80649,46.605877,28.098005,36.946766,59.637882,26.995884,9.7013645
2023-11-13,14.440974,44.508076,20.743055,64.58664,87.75059,13.376709,30.44865,36.512157,34.902905,28.16441,11.143675,16.666965,38.803074,65.736,46.5458,28.080328,37.014744,59.862854,27.014185,9.710164
2023-11-14,14.400351,44.50711,20.741709,64.58558,87.5772,13.425513,30.190737,36.464687,34.950066,28.140146,11.187759,16.640846,38.69552,65.50555,46.44838,28.060001,37.063263,60.045677,27.006025,9.704759
2023-11-15,14.423535,44.614586,20.80541,64.502,87.35071,13.488136,30.103,36.538128,34.90733,28.035028,11.235041,16.559464,38.760216,64.99175,46.450256,28.079979,37.07391,60.088196,27.091768,9.701505
2023-11-16,14.393913,44.75178,20.772894,64.27014,87.20207,13.507035,30.009783,36.440105,34.84204,27.933676,11.2409935,16.501795,38.697014,63.74107,46.671276,28.023544,36.933136,59.721935,26.989868,9.747809
2023-11-17,14.238954,44.61706,20.67194,64.18356,85.83151,13.448893,29.429487,36.080166,34.776142,27.747602,11.304908,16.510706,38.325283,63.053875,46.748287,27.868126,36.74855,59.381866,26.695143,9.789335
2023-11-18,14.164481,45.31652,20.597788,64.2086,86.67866,13.514048,29.321539,36.156013,34.645004,27.914602,11.2563715,16.510082,38.226376,62.243454,46.072292,27.789307,36.680065,59.39474,26.539217,9.722025
2023-11-19,14.343202,45.97452,20.707993,64.61269,87.8522,13.229753,29.318708,36.08688,34.66821,27.976265,11.27901,16.493528,38.389397,62.872585,46.265274,27.72446,36.68277,59.48998,26.566645,9.698157
2023-11-20,14.4211235,46.62837,20.74152,64.96389,88.31343,13.073799,29.172035,36.11609,34.703,27.939722,11.254705,16.52451,38.328106,63.960106,46.453583,27.767645,36.658096,59.636433,26.392237,9.677741
2023-11-21,14.473374,47.246517,20.816727,65.256905,88.360634,13.031767,28.931242,36.13615,34.73841,27.925581,11.215697,16.553682,38.162373,65.64891,46.656097,27.809105,36.65261,59.790863,26.128536,9.640383
2023-11-22,14.508365,48.175064,20.934748,65.592384,88.42991,13.147154,28.7931,36.155457,34.81998,27.990091,11.224998,16.614506,37.92844,67.68778,46.815548,27.895517,36.29927,60.007385,25.977444,9.620181
2023-11-23,14.4691305,49.697906,21.018972,65.647484,87.09878,13.046763,28.77076,35.98533,34.73759,28.126682,11.108719,16.75237,37.692253,68.088875,46.375225,27.882093,36.082634,60.131065,25.72243,9.619476
2023-11-24,14.404884,49.639088,20.994642,65.88815,88.330956,12.849867,28.733171,35.90176,34.738266,28.409575,11.11041,16.822184,37.832363,68.32779,45.79282,27.847143,36.160255,60.265507,25.106735,9.665458
2023-11-25,14.521893,50.139374,21.023535,66.09449,88.38525,12.637701,28.622864,35.877834,34.767406,28.56193,11.062343,16.919477,37.88974,69.07605,45.0757,27.97811,36.136333,60.03644,24.881598,9.6033
2023-11-26,14.4280205,48.926178,20.971548,65.95083,88.05998,12.529626,28.286722,35.53282,34.692566,28.44234,11.02245,16.914234,37.414375,68.24221,44.235252,27.860416,35.99486,59.611187,24.311079,9.586356
2023-11-27,14.461443,48.493324,21.051891,65.96846,89.035194,12.504492,28.514263,35.512283,34.712757,28.381666,11.039301,16.946918,37.16635,68.12497,43.96119,27.841206,36.070286,59.514145,24.132015,9.612198
2023-11-28,14.506685,48.217396,21.193764,66.03774,90.27919,12.525099,28.922287,35.560356,34.7668,28.390753,11.058883,17.006197,37.071777,68.12536,43.832966,27.836012,36.223377,59.543716,24.111666,9.645659
2023-11-29,14.490805,47.738865,21.221558,66.05445,91.16729,12.657087,29.19879,35.606514,34.761497,28.329453,11.009281,17.062054,36.89494,67.64128,43.484093,27.82179,36.246548,59.47232,24.053942,9.60011
2023-11-30,14.596256,47.783226,21.208845,66.2172,91.54673,12.675488,29.419771,35.702198,34.828358,28.512918,11.046747,17.040066,37.286133,67.44479,43.499,28.005392,36.131973,59.832714,24.346285,9.592384
2023-12-01,14.764588,48.42289,21.387007,66.43128,91.78461,12.637623,29.531008,35.78922,34.806522,28.521505,11.001781,16.968372,37.260197,68.76413,43.880333,28.397375,35.829037,61.437775,24.436079,9.654404
2023-12-02,14.814628,48.39297,21.285297,66.295586,92.72633,12.783104,29.936562,35.941868,34.778458,29.278515,11.001967,16.915487,37.87471,70.5564,44.690624,28.642265,35.974686,62.181133,24.64071,9.713034
2023-12-03,14.827346,48.578518,21.185913,66.23929,93.77555,12.869687,30.463972,35.940853,34.7787,29.699228,10.923334,16.887844,38.349438,71.596,45.396904,28.8267,36.76341,62.498936,24.724155,9.737006
2023-12-04,14.846896,49.00148,21.226526,66.32029,94.432175,12.94587,30.688898,36.014515,34.810837,29.98047,10.8568735,16.923204,38.913475,72.36368,45.979565,28.897303,37.050526,62.663662,24.839783,9.710796
2023-12-05,14.872121,49.420864,21.33617,66.43201,95.102776,13.025709,30.821451,36.13687,34.85098,30.25066,10.781791,16.973211,39.542904,72.65175,46.377605,28.939013,37.19024,62.748093,24.905949,9.666975
2023-12-06,14.916398,49.644386,21.45678,66.416664,95.02124,13.048696,30.757118,36.088177,34.930542,30.4971,10.798748,17.073143,40.104286,72.79174,46.907013,28.917889,37.038803,62.66866,25.123178,9.653741
2023-12-07,14.832006,49.557346,21.551865,66.72558,94.12991,13.198398,31.589136,36.196472,35.034687,30.685884,10.788274,17.320475,40.369106,77.162186,48.642418,29.021236,37.392094,62.67364,25.13406,9.725158
2023-12-08,14.810027,50.27,21.647215,66.66875,94.62862,13.124134,32.78006,36.579372,35.04449,30.883484,10.630275,17.367033,40.948246,78.94782,48.984505,29.010563,37.580666,62.75248,25.182442,9.624116
2023-12-09,14.84406,50.844006,21.874413,66.48594,95.352325,13.18624,32.708553,36.45934,34.97066,31.06586,10.640795,17.464622,40.77514,82.02877,49.31135,28.97001,36.964558,62.57691,24.976189,9.619762
2023-12-10,14.6994295,49.599327,21.696152,65.78274,94.84933,13.202361,33.130875,36.367874,34.67538,31.133291,10.518492,17.555046,40.615143,82.347404,49.300114,28.844456,36.492767,62.339912,24.691952,9.684438
2023-12-11,14.592316,49.01326,21.585598,65.52949,94.19364,13.086979,33.25647,36.21289,34.47444,31.193811,10.467875,17.589695,40.535145,82.20941,49.138237,28.724125,36.167133,62.081913,24.466356,9.708096
2023-12-12,14.506382,48.632313,21.508097,65.455505,93.54677,12.970847,33.29292,36.076263,34.356464,31.255684,10.481322,17.615494,40.50885,82.032745,48.974457,28.63647,35.96171,61.864353,24.281338,9.712888
2023-12-13,14.363039,47.97513,21.381067,65.298904,92.21704,12.951235,33.08111,35.74592,34.251064,31.290928,10.5021925,17.617731,40.403416,81.83209,48.834568,28.52809,35.634922,61.608677,24.039099,9.694355
2023-12-14,14.169255,47.82517,21.099306,65.28361,92.34324,13.0517,32.968174,35.50516,34.159313,31.308989,10.430997,17.563879,40.4442,81.84049,48.59989,28.364445,35.885914,61.52338,23.996346,9.658337
2023-12-15,14.292627,48.079174,21.388653,65.424866,95.19585,13.137531,33.75394,35.910873,34.26799,31.68882,10.539156,17.6123,41.14529,83.54052,49.592323,28.599438,36.86435,61.72783,24.305683,9.806497
2023-12-16,14.515092,48.625607,21.98213,65.37477,96.31648,13.064188,33.79077,36.38336,34.12943,31.839764,10.5429945,17.56261,41.42569,82.62199,49.218094,28.940609,37.02561,61.597214,24.326405,9.784864
2023-12-17,14.503349,48.18519,22.20111,65.06774,96.21669,12.8961935,33.667637,36.621193,34.073124,31.750448,10.534281,17.561598,41.2619,81.86392,49.12562,29.070696,36.989758,61.404316,24.309608,9.794225
2023-12-18,14.49436,48.037273,22.206238,64.87462,95.989044,12.862391,33.332817,36.7028,33.95111,31.679535,10.52846,17.620628,41.091545,81.53436,48.73765,29.068615,36.904247,61.321983,24.455576,9.8258295
2023-12-19,14.46811,48.136513,22.10539,64.76601,95.49419,12.797033,32.84512,36.671394,33.762226,31.578028,10.515732,17.66987,40.891,81.41134,48.18039,28.995111,36.79172,61.288834,24.583952,9.857727
2023-12-20,14.385654,48.363464,21.933744,64.643814,94.49951,12.602806,32.52142,36.521393,33.56954,31.567854,10.501896,17.690275,40.757263,81.559265,47.45612,28.949476,36.558453,61.28382,24.78041,9.900641
2023-12-21,14.473287,48.83253,22.175016,64.47983,93.56045,12.418156,32.365242,36.605686,33.451263,31.448006,10.5476055,17.823927,40.376537,80.53504,46.91599,28.967321,35.9462,61.265236,24.635035,9.993611
2023-12-22,14.557369,48.754704,22.319546,64.53255,94.769226,12.657593,32.7229,36.76652,33.63458,31.433115,10.506643,17.491993,40.621647,80.51933,48.56697,29.164846,36.099922,61.46394,24.586586,10.067153
2023-12-23,14.605989,48.724438,22.472086,64.66588,96.24791,12.856229,32.96837,36.981014,33.861538,31.560543,10.481413,17.424065,40.800686,81.15822,49.326366,29.184576,35.815983,61.883305,25.327566,10.007392
2023-12-24,14.579879,48.69173,22.48363,64.59339,96.04284,12.848188,33.20207,37.047913,34.148262,31.606697,10.495068,17.62295,40.877045,81.144745,50.0379,29.149498,35.77161,62.268948,25.863968,9.894892
2023-12-25,14.57928,48.608234,22.468416,64.51752,95.74884,12.841922,33.11479,37.111816,34.22479,31.646389,10.493208,17.698086,40.964344,80.39054,50.243134,29.114265,35.66571,62.44665,26.156603,9.859578
2023-12-26,14.610493,48.4926,22.45291,64.44516,95.53198,12.848257,32.90612,37.190495,34.178146,31.696741,10.492993,17.713049,41.06466,79.630745,50.22257,29.068443,35.54617,62.54736,26.460913,9.850172
2023-12-27,14.711055,48.43616,22.454138,64.4126,95.01167,12.813286,32.813198,37.38809,34.06828,31.832588,10.292177,17.665037,41.06585,79.40426,50.14404,29.023602,35.401703,62.651485,26.6931,9.828215
2023-12-28,14.720875,48.662743,22.59708,64.53244,95.729546,12.829269,33.06007,37.449757,34.138134,32.318413,10.402052,17.836594,41.38379,78.423416,50.506355,29.149654,35.595547,62.808075,27.127207,9.81738
2023-12-29,14.713888,48.946144,22.744333,64.55471,95.63331,12.742921,33.12621,37.365444,34.212746,32.60295,10.192382,17.830877,41.520306,79.78206,52.06513,29.15047,35.525806,62.82302,27.46962,9.759165
2023-12-30,14.669403,49.650112,22.650557,64.75904,97.0278,12.773847,33.501328,37.310577,34.29559,32.6807,10.390154,17.58959,41.449196,80.689,52.826035,29.116491,35.29142,62.977234,27.552376,9.86725
2023-12-31,14.656865,50.35084,22.682222,64.8758,97.95348,12.73955,33.465332,37.363106,34.291924,32.690636,10.290417,17.698017,41.312862,79.65881,52.958134,29.113974,34.891705,62.921703,27.43231,9.830172
2024-01-01,14.671886,50.927353,22.728207,64.79432,98.44804,12.721589,33.481625,37.543087,34.27439,32.744072,10.153834,17.771215,41.329792,78.93273,52.37304,29.155872,34.76186,62.749035,28.133266,9.868959
2024-01-02,14.711519,51.451874,22.811388,64.726494,98.6751,12.684677,33.575436,37.76618,34.274307,32.80492,10.059177,17.767756,41.413353,78.61113,52.027004,29.202028,34.737595,62.58149,28.790766,9.910843
2024-01-03,14.717397,51.85518,22.88249,64.68158,98.74996,12.71877,33.551125,37.912086,34.21832,32.908672,9.997074,17.753931,41.485786,78.17054,51.8644,29.232664,34.752842,62.447674,29.179628,9.981501
2024-01-04,14.970651,51.905174,23.187138,64.626656,99.234535,12.651704,34.028072,38.654953,34.205963,33.03183,9.832777,18.019089,41.822887,78.57068,51.7367,29.5531,34.776188,62.20156,29.602947,9.989221
2024-01-05,15.131837,52.40543,23.464828,64.71671,99.40575,12.517515,34.5174,39.0095,33.902245,33.093872,9.421756,17.644972,42.098507,78.23619,51.13136,29.7209,36.174038,61.91647,29.46701,10.025328
2024-01-06,15.165949,52.50999,23.412897,64.94917,98.276695,12.49184,34.35829,38.934963,33.648415,33.027298,9.4544325,17.611393,42.215763,76.8696,50.751152,29.640368,37.76451,62.053066,29.166922,9.998495
2024-01-07,15.405678,52.176678,23.547234,65.095955,97.663315,12.5698,33.645824,38.82828,33.464195,32.813625,9.413725,17.72099,42.032387,75.92755,50.989956,29.546413,39.42306,61.980457,28.906271,10.002205
2024-01-08,15.494907,52.153767,23.594175,65.09307,96.97488,12.580009,33.41685,38.722065,33.382736,32.649582,9.387643,17.699236,41.8514,74.943924,50.856064,29.497019,39.72375,61.813477,28.381094,9.966344
2024-01-09,15.521365,52.085472,23.603382,65.02836,96.41661,12.601849,33.345646,38.68281,33.36549,32.497444,9.4143095,17.66605,41.696457,74.286835,50.61248,29.462803,39.57726,61.675014,27.737436,9.915871
2024-01-10,15.400044,51.83214,23.420313,64.884186,94.76841,12.699108,33.190865,38.48187,33.33353,32.237686,9.403663,17.610285,41.46418,74.10992,50.199757,29.398895,39.244473,61.45458,27.237913,9.8802805
2024-01-11,15.458074,51.42467,23.326748,64.87507,95.86704,12.74353,33.699596,38.509903,33.493305,32.188602,9.185547,17.723864,41.58091,74.767235,51.146786,29.420408,40.14153,61.054928,27.544004,9.811419
2024-01-12,15.359361,51.528664,23.103727,64.68925,96.55246,13.034985,33.665897,38.420547,33.468838,32.189663,9.2726755,18.001768,41.28516,72.366455,50.942005,29.20196,40.77208,60.970764,27.11812,9.906278
2024-01-13,15.480061,51.36324,23.209732,64.7114,98.20832,13.161773,33.947083,38.71301,33.319542,32.073925,9.097324,18.050522,41.142227,70.79445,50.986637,29.18966,40.355927,60.895138,27.240105,10.04413
2024-01-14,15.546477,51.2279,23.17495,64.66194,99.12711,13.161027,34.86648,38.851925,33.76631,32.02792,9.135028,18.037607,41.14656,69.084076,50.71541,29.336573,40.52791,60.87362,27.265314,10.10305
2024-01-15,15.431772,51.002476,22.956858,64.53567,98.76304,13.042256,34.93957,38.622494,33.819485,31.866148,9.078433,18.021349,40.81788,67.844345,50.456863,29.290745,40.32442,60.54497,26.926256,10.153464
2024-01-16,15.213814,50.66507,22.626564,64.36327,97.63474,12.862713,34.626236,38.18103,33.60879,31.653278,9.033077,17.941904,40.320835,66.72979,50.22097,29.125881,39.95607,60.05556,26.386015,10.187897
2024-01-17,14.970607,50.24988,22.273159,64.14956,96.40529,12.673223,34.19285,37.703392,33.27645,31.360481,8.847289,17.81257,39.798172,65.25366,50.006763,28.919178,39.583126,59.571453,25.747496,10.156846
2024-01-18,14.894214,49.723797,22.180323,63.975506,96.45629,12.578633,34.4746,37.606922,33.27164,31.344776,8.547611,17.795866,39.19656,64.30643,49.879192,28.822865,39.5228,59.017944,24.938057,10.076984
2024-01-19,14.55647,48.69111,22.191141,63.83555,95.136536,12.351914,33.7754,37.257004,32.894463,31.218824,8.291791,17.802423,38.311543,64.71447,49.574184,28.434256,39.107094,58.545166,23.839005,10.069377
2024-01-20,14.307318,47.694134,22.217102,63.77252,94.251396,12.282718,33.044796,37.130512,32.43326,31.015675,8.095114,17.661947,37.42567,64.16304,49.292133,28.295609,38.4719,58.30219,23.013872,10.026987
2024-01-21,14.217738,46.776714,22.204596,63.73859,92.54671,12.204114,32.23658,37.037857,32.065384,30.73206,7.9583054,17.405802,36.367332,63.532646,48.702164,28.174932,37.63215,58.222126,22.163322,9.983767
2024-01-22,14.1928005,46.215004,22.201374,63.71973,92.05593,12.204527,32.054237,37.044407,32.093136,30.624514,7.9026685,17.449041,36.03211,63.53739,48.34799,28.136175,37.466366,58.279736,21.910873,9.969697
2024-01-23,14.220147,45.724304,22.204077,63.7192,92.297455,12.238366,32.14972,37.117558,32.20902,30.643208,7.885633,17.602324,36.075573,63.689575,47.95414,28.134499,37.579506,58.343468,21.785282,9.968348
2024-01-24,14.241525,45.132687,22.314783,63.7504,92.208435,12.398906,32.309887,37.253628,32.371723,30.674923,7.8979707,17.770452,36.37178,63.99266,47.785442,28.212753,37.676476,58.357952,21.797844,10.030403
2024-01-25,13.894553,43.857822,22.30485,63.726646,94.290306,12.4828825,31.819101,37.019825,32.177128,30.751999,7.8034,17.89625,35.990917,62.849377,48.53714,27.97778,37.854805,58.18842,21.211803,10.068585
2024-01-26,14.077114,43.697014,22.45152,63.77822,98.52158,12.619145,31.92227,37.118416,32.593624,31.027348,7.7722373,17.899187,36.99262,64.05428,49.5886,28.195917,38.89643,58.473957,22.012741,10.19684
2024-01-27,14.139122,43.591625,22.462029,63.81329,102.48429,12.8240185,31.776176,37.468628,32.797195,31.230616,7.7178593,17.63404,37.106865,65.84023,50.906715,28.240154,39.108646,58.675434,22.360067,10.3028145
2024-01-28,14.07209,45.63504,22.390154,63.872036,103.99419,12.881645,31.54573,37.491776,32.819542,31.424295,7.6394277,17.499994,37.099335,66.00437,51.74379,28.168167,39.086674,58.644566,22.433964,10.254611
2024-01-29,14.061633,46.534836,22.352316,63.868145,105.11336,12.886065,31.406137,37.491615,32.79516,31.503767,7.61316,17.404137,37.264988,66.08069,51.99109,28.135801,39.152374,58.66197,22.24932,10.238677
2024-01-30,14.043986,46.860344,22.328732,63.828907,106.067955,12.883223,31.300177,37.495495,32.759308,31.52819,7.6150446,17.296127,37.49519,66.27325,51.977463,28.112402,39.29315,58.697514,22.144375,10.237379
2024-01-31,14.00764,46.98713,22.332582,63.780716,106.85147,12.916143,31.055336,37.51959,32.728127,31.577225,7.663893,17.233385,37.615395,66.25065,51.893085,28.183662,39.39662,58.73959,22.203394,10.237907
2024-02-01,14.033947,47.57491,22.45649,64.054115,108.71483,12.845373,31.126432,37.617947,32.637383,31.56163,7.6900454,17.260468,37.979877,65.970116,51.888733,28.221575,39.8556,58.820084,22.014027,10.084712
2024-02-02,14.080488,47.631905,22.43157,64.003296,110.903404,12.758697,31.008179,37.67842,32.622932,31.367075,7.7671027,16.996775,37.988636,66.35189,51.944847,28.168476,39.795418,59.090042,22.052267,10.175722
2024-02-03,14.172425,47.568237,22.4901,64.03333,111.74438,12.752883,31.097723,37.69621,32.634823,31.40426,7.811661,17.04989,38.233055,66.54595,52.319508,28.26598,39.79791,59.144802,22.28328,10.18684
2024-02-04,14.246745,47.976242,22.701025,64.010315,111.01613,12.791467,31.179604,37.809616,32.6947,31.725254,7.843449,17.240654,39.226097,67.547,52.681232,28.350092,39.52598,59.35967,22.757776,10.2038
2024-02-05,14.359927,48.354618,22.938265,64.04775,110.81863,12.798514,31.563137,38.000057,32.70814,31.89708,7.8552766,17.37118,39.669598,68.152725,53.194687,28.479967,39.69295,59.45828,22.609827,10.240281
2024-02-06,14.448874,48.651035,23.1292,64.0868,110.71914,12.773869,31.91266,38.165226,32.677673,31.954607,7.8334317,17.45441,39.86078,68.45895,53.627796,28.574934,39.99798,59.500156,22.427723,10.266269
2024-02-07,14.494866,48.90859,23.183203,64.140175,110.389206,12.73577,32.25378,38.31465,32.830807,32.01798,7.8567367,17.52962,39.89622,68.76992,54.167694,28.580248,40.26194,59.69461,22.886015,10.352514
2024-02-08,14.500544,49.11979,23.434235,64.644745,111.98017,12.774253,32.547184,38.426907,32.87209,32.208645,7.860283,17.467224,40.276447,69.36736,54.757515,28.631985,40.92643,59.813034,22.968908,10.347367
2024-02-09,14.762086,49.969723,24.156454,64.936874,112.18221,12.767084,32.83732,38.926426,32.75992,32.171684,7.8221717,17.408533,40.217728,69.451515,54.68129,28.850853,42.181812,59.83099,22.699738,10.383901
2024-02-10,14.815631,50.629066,24.568605,64.78673,111.97321,12.756403,32.814045,39.036903,32.869637,32.081467,7.833765,17.408323,39.960224,69.114685,54.66387,28.940323,43.63772,59.68388,22.414942,10.303305
2024-02-11,14.899134,50.82095,24.924166,64.70158,112.41843,12.69506,33.343815,39.423336,32.934605,32.08308,7.9129577,17.395878,40.264675,68.35177,54.552372,29.095913,45.264145,59.57514,22.70527,10.394288
2024-02-12,14.96677,51.047844,25.103792,64.64412,112.809235,12.6972,33.630905,39.688644,32.958725,32.145092,7.9435816,17.459183,40.608696,67.86045,54.44165,29.191181,46.069435,59.50563,22.859392,10.483285
2024-02-13,15.024149,51.221115,25.181133,64.58148,113.03488,12.73306,33.823444,39.881058,32.959873,32.211784,7.9413314,17.54441,40.86533,67.59174,54.325054,29.254635,46.51298,59.449543,22.9117,10.5684185
2024-02-14,15.087713,51.212692,25.20692,64.51998,113.21203,12.758769,33.9152,39.95295,32.943684,32.334106,7.9266567,17.593897,40.941998,66.80736,54.054924,29.272726,46.713394,59.43171,22.8706,10.660687
2024-02-15,15.093418,51.991627,25.199095,64.60792,113.84119,12.7835865,33.857655,40.153526,32.99756,32.27735,7.9202805,17.812096,41.34454,67.75015,54.66772,29.384228,47.885395,59.51282,22.746983,10.8553295
2024-02-16,14.992802,52.82276,25.157621,64.691605,116.321266,12.755116,34.779297,40.168182,33.036533,32.523815,7.8418775,18.055508,41.497875,67.862076,54.7769,29.348385,48.50281,59.362034,22.779684,10.883524
2024-02-17,15.135234,53.636723,25.415236,64.86206,118.00121,12.703371,35.04832,40.59519,33.30788,32.71328,7.8067365,18.112904,42.099743,69.34782,54.31493,29.412592,47.738113,59.815666,22.871294,10.851402
2024-02-18,15.303948,53.762882,25.59917,65.13267,118.65132,12.84228,35.56027,40.879383,33.312172,32.76079,7.817235,18.126488,42.42717,72.90624,54.196407,29.510443,47.502014,59.98821,22.82989,10.869657
2024-02-19,15.342912,53.17467,25.645348,65.01119,118.57367,12.90553,35.777943,41.02734,33.31202,32.734154,7.7832294,18.119694,42.4294,74.64987,54.29174,29.582575,47.380867,60.042587,22.470278,10.834994
2024-02-20,15.308986,52.72585,25.588348,64.78049,117.89821,12.950892,35.773033,41.10847,33.287964,32.667847,7.738894,18.087414,42.416008,75.82915,54.422928,29.659164,47.213573,60.03832,22.03526,10.775302
2024-02-21,15.119602,52.145687,25.383665,64.610176,117.27677,12.915188,36.097847,40.473858,33.290855,32.645035,7.777968,18.05717,42.158363,77.65292,54.66782,29.521317,47.142727,59.993294,21.879173,10.7267475
2024-02-22,15.469396,51.520565,25.471085,64.430725,118.9835,13.031925,36.62655,40.59221,33.440487,32.357002,7.7795887,17.675995,42.443523,77.89161,54.984585,29.705246,47.80598,59.54948,21.527178,10.649931
2024-02-23,15.686435,50.537415,25.4879,64.29661,120.418304,12.934418,36.858673,40.444885,33.275967,32.239697,8.303714,17.474672,42.83542,77.01687,55.23714,29.854164,48.048824,59.348843,22.041065,10.632715
2024-02-24,15.926303,50.58843,25.565006,64.53605,120.95036,12.979285,37.151558,40.85502,33.234158,32.269028,8.674381,17.443714,43.53455,76.94475,55.68287,29.939716,48.592003,59.409767,22.354834,10.688714
2024-02-25,15.7331915,50.018852,25.254028,64.45717,118.57994,12.949356,36.707146,40.533638,33.00166,31.94817,8.633151,17.31779,42.98348,74.44581,55.189377,29.692093,48.120007,59.26627,21.919891,10.54834
2024-02-26,15.6641445,49.496964,25.12016,64.47261,117.76313,12.945982,36.697266,40.423454,32.737762,31.789938,8.523688,17.29263,42.834564,73.61117,55.071114,29.639484,47.913486,59.255714,21.724207,10.545142
2024-02-27,15.682852,49.407932,25.127708,64.574844,117.59968,12.953919,36.76858,40.43547,32.695606,31.801826,8.512638,17.276573,42.817978,73.818665,55.200905,29.627075,47.87349,59.333496,21.78935,10.568522
2024-02-28,15.815369,49.133366,25.180628,64.58463,117.99942,13.025309,37.00609,40.68443,32.805878,31.83319,8.41137,17.269821,43.181004,73.66839,55.41397,29.7512,47.957497,59.360546,21.866583,10.584324
2024-02-29,15.684181,49.25136,25.316168,64.75132,120.18507,13.069659,37.52391,40.976017,32.66731,31.925505,8.363875,17.129023,43.22784,75.21187,56.275528,29.728184,48.55184,58.874382,21.949318,10.855032
2024-03-01,15.581276,49.13583,25.224463,64.90882,120.44651,13.069268,37.328064,40.81588,32.417484,31.296768,8.385507,17.053679,43.44841,74.950676,56.250732,29.84894,48.357574,58.27345,21.876478,11.073586
2024-03-02,15.458542,48.490196,25.095285,64.89685,120.08115,13.063136,37.49552,40.601006,32.270832,31.365814,8.440933,16.840225,43.241653,77.38857,57.36177,30.036453,48.38733,57.811176,21.673716,11.135295
2024-03-03,15.3746395,48.235607,25.157959,64.78942,119.85883,13.0524025,37.402447,40.433395,32.401035,31.557703,8.376777,16.819904,43.173027,77.98445,58.317654,30.060139,48.841602,57.08316,21.846601,11.227591
2024-03-04,15.41733,48.18803,25.32058,64.76816,120.21204,13.075957,37.469692,40.397186,32.57037,31.721172,8.388304,16.933872,43.18761,78.37335,58.85728,30.192266,49.296036,57.029224,22.109394,11.349532
2024-03-05,15.527135,48.003296,25.588827,64.76874,120.650795,13.127099,37.636497,40.474407,32.776062,31.940252,8.430594,17.082758,43.03422,78.55154,59.18627,30.32394,49.782692,57.19003,22.427286,11.489472
2024-03-06,15.624831,47.644745,25.859127,64.76832,121.26962,13.229146,37.9091,40.376118,32.916885,32.334293,8.502033,17.232613,43.495865,78.65798,59.228905,30.354225,50.30769,57.38751,22.563549,11.626497
2024-03-07,15.771458,47.408016,26.117085,64.77821,122.499825,13.125094,38.84827,40.611656,33.20291,32.524494,8.500009,17.300589,43.614647,78.97487,59.6508,30.346813,50.991554,57.66728,22.449173,11.913933
2024-03-08,15.646202,47.30929,26.35087,65.2283,123.89553,13.065689,39.748566,40.52559,33.067524,32.43358,8.468726,17.332235,43.247665,79.08493,59.065968,30.18867,51.101982,57.761055,22.513733,12.293299
2024-03-09,15.661158,47.448006,26.34193,65.27441,123.777145,13.042618,40.32341,40.723667,33.32,32.290447,8.35719,17.159254,42.726974,78.98983,59.22033,30.230787,51.15974,58.058174,22.786482,12.477131
2024-03-10,15.653276,47.721123,26.2288,65.322426,124.93138,12.939749,40.631294,40.730335,33.40971,32.561073,8.484858,17.265173,42.46684,78.085205,59.30739,30.038818,51.212383,57.96537,22.731955,12.737736
2024-03-11,15.685259,47.776924,26.201971,65.29645,126.151634,12.8767395,40.816727,40.736813,33.488224,32.686203,8.5179205,17.358833,42.378845,77.79582,59.474255,29.895128,51.427097,57.88596,22.836552,12.897604
2024-03-12,15.73413,47.824947,26.195017,65.20186,127.147095,12.805635,40.906956,40.713478,33.59396,32.739487,8.519517,17.423843,42.373386,77.89837,59.78543,29.762634,51.665413,57.888565,22.904364,13.0068445
2024-03-13,15.788268,47.81043,26.163162,65.05129,127.9159,12.768707,40.85546,40.55859,33.730457,32.771095,8.519673,17.469772,42.17329,77.91059,60.062275,29.652761,51.82627,57.602005,22.855947,13.102789
2024-03-14,15.815577,47.294888,26.073908,64.70789,128.69032,12.782399,40.937466,40.476326,33.731316,32.553165,8.449082,17.484928,41.861942,77.171684,59.45696,29.724554,51.74424,56.922806,22.938004,13.27724
2024-03-15,15.877029,47.135925,26.17895,64.60148,130.92485,12.776648,41.102512,40.970596,33.84386,32.752148,8.405249,17.261816,41.954227,77.92189,59.775227,29.976486,51.71685,56.784084,23.307789,13.371061
2024-03-16,15.739424,47.600735,26.422953,64.590324,130.99974,12.719597,40.830486,41.060635,33.98581,33.28381,8.510264,17.130756,42.331226,78.62329,60.2109,30.090055,51.712074,56.959583,23.71229,13.405555
2024-03-17,15.464476,46.994568,26.339542,64.50788,131.76729,12.558351,39.91489,40.786873,33.694374,33.18015,8.484655,17.145147,41.59049,78.50346,60.108746,29.962362,51.73093,56.73382,23.652107,13.415343
2024-03-18,15.393752,46.73811,26.176077,64.47555,132.43481,12.494175,39.513157,40.715794,33.63245,33.03407,8.578667,17.168055,41.267635,78.26636,60.14089,29.884506,51.675446,56.90071,23.703966,13.412409
2024-03-19,15.415192,46.655655,26.034046,64.49099,132.93997,12.496093,39.42328,40.69172,33.67411,33.071354,8.76111,17.194405,41.34074,77.974106,60.18212,29.831066,51.52855,57.141155,23.74073,13.416271
2024-03-20,15.472609,46.507248,25.906216,64.45048,133.71361,12.4443245,39.178066,40.51254,33.593483,33.324547,9.0706415,17.179329,41.130314,78.30677,59.867886,29.8258,51.725456,56.770733,23.54042,13.528311
2024-03-21,15.675739,46.095737,25.80695,64.30115,133.83249,12.638924,38.941418,40.644012,33.501087,33.779007,9.014988,17.096085,41.53995,78.38677,60.10743,29.947945,51.87149,57.209812,23.096704,13.677535
2024-03-22,15.6717825,45.702976,25.738403,64.09309,134.87173,12.53985,38.92481,40.683685,33.559116,33.68987,8.939016,17.325174,41.57225,77.73979,60.30142,29.892431,52.2494,56.810802,23.201824,13.796995
2024-03-23,15.706211,45.44119,25.754013,64.15149,135.84787,12.46864,38.656853,40.742844,33.518864,33.689247,8.913675,17.21447,41.34068,78.106895,60.654095,29.81606,52.26259,56.416748,23.004162,13.749938
2024-03-24,15.577062,45.424038,25.822075,64.17793,137.76355,12.3176365,38.353893,40.5817,33.380314,33.598476,8.81518,17.258665,40.907944,78.28469,60.740585,29.713898,52.433475,55.996708,22.21927,13.778432
2024-03-25,15.377902,45.277065,25.713964,64.15382,138.41283,12.259973,37.819176,40.39539,33.275352,33.477314,8.764184,17.41418,40.704334,78.251434,60.695057,29.577015,52.485924,55.92479,22.012808,13.766014
2024-03-26,15.12506,45.068935,25.519615,64.12187,138.87451,12.258388,37.27167,40.157475,33.217106,33.381985,8.7568655,17.590225,40.671154,78.20717,60.74355,29.427252,52.46838,55.95715,21.9902,13.725356
2024-03-27,14.834369,44.641914,25.287403,63.996113,138.92221,12.235751,36.712933,39.63626,32.990307,33.07771,8.730215,17.845171,40.322746,77.77995,60.350513,29.205166,52.5215,55.80155,21.818787,13.702506
2024-03-28,14.746988,44.343987,25.268187,63.967957,138.02248,12.17376,36.3048,39.41877,32.87079,33.05073,8.7132,17.63879,40.418983,77.23752,60.08956,29.169477,51.947582,55.802135,21.565834,13.613057
2024-03-29,14.645814,44.106705,25.280216,63.90934,138.88797,12.267226,36.349876,39.235985,32.65464,33.158234,8.574097,17.593052,40.48146,77.22828,60.297096,29.159506,51.83672,55.431625,20.953037,13.622516
2024-03-30,14.640058,43.67171,25.224195,63.84777,139.98158,12.174328,35.614502,38.920128,32.413174,33.234642,8.913848,17.464552,40.573452,77.131386,60.653168,29.34307,51.682423,55.147766,20.704311,13.692549
2024-03-31,14.434316,43.67686,25.12297,63.932453,139.7637,12.040562,35.34232,38.633217,32.261883,32.87299,9.044444,17.4968,40.35465,77.27419,60.54361,29.247152,51.224377,55.176865,20.318363,13.616166
2024-04-01,14.39944,43.575336,25.106056,64.004395,139.12192,11.997933,35.21406,38.441177,32.518776,32.638336,9.047858,17.467604,40.35287,77.3965,62.14337,29.288618,51.13189,55.550407,20.213636,13.596218
2024-04-02,14.415465,43.48922,25.14271,64.08796,138.64867,11.997394,35.04865,38.40751,32.78376,32.532375,9.017251,17.450443,40.444798,77.48501,63.260296,29.36716,51.190365,55.889164,20.210024,13.610401
2024-04-03,14.407606,43.69584,25.330675,64.144455,138.0696,12.013394,35.167103,38.4976,32.953735,32.73547,8.8835945,17.452923,40.66025,77.857704,64.28483,29.661541,51.375618,56.23577,19.789106,13.612116
2024-04-04,14.4866705,43.66826,25.69275,64.23886,137.08385,11.97266,35.311882,38.907753,33.007896,32.90768,8.865772,17.376722,41.190533,77.68073,64.59745,29.704977,51.557983,57.169678,19.906355,13.605118
2024-04-05,14.459083,43.64922,25.80901,64.16547,138.18985,12.003116,35.225666,39.17168,33.01747,32.94647,8.865489,17.499853,41.288788,78.214096,64.52131,29.87353,51.48622,57.333546,19.90511,13.711116
2024-04-06,14.512838,43.653637,26.0963,64.223976,141.03,12.17161,34.891895,39.484894,32.991077,33.073868,8.804056,17.341858,41.390045,78.50071,63.895706,29.961401,51.509773,57.051277,19.523544,13.73889
2024-04-07,14.225679,43.695396,26.28347,64.42712,143.26518,12.082731,34.937634,39.73731,33.174137,33.27844,8.808581,17.30365,41.923214,79.062675,63.78681,30.021431,51.45927,57.23577,19.197742,13.755309
2024-04-08,14.2666855,43.47128,26.518202,64.547775,144.36325,12.0572405,34.98162,39.845646,33.26789,33.24763,8.799909,17.384008,42.193024,79.26886,64.01279,30.062296,51.34052,57.193947,18.995758,13.788322
2024-04-09,14.231625,43.183025,26.802444,64.62739,144.9201,12.04414,35.043484,39.852516,33.329456,33.12503,8.786843,17.503553,42.33933,79.388504,64.34462,30.049906,51.251884,57.08166,18.873106,13.825944
2024-04-10,14.177514,42.900875,26.988634,64.643364,144.95529,11.992299,35.31326,39.77235,33.379063,32.78134,8.760259,17.6257,42.147636,79.400406,65.21034,30.004559,50.992928,57.01382,18.808105,13.881094
2024-04-11,14.350878,42.65344,26.951744,64.64283,144.33856,12.130754,35.92754,39.952404,33.50113,32.78245,8.73128,17.753262,41.96224,79.40218,65.13902,30.021868,50.96478,57.30634,18.875814,13.89825
2024-04-12,14.249397,42.75772,26.955841,64.46469,142.10849,12.047074,35.823326,39.790783,33.41126,32.82783,8.809684,17.855017,41.639595,79.53336,64.11245,29.855074,51.11138,57.573067,18.838636,13.851765
2024-04-13,14.3071375,42.696457,26.877592,64.275215,141.03839,12.153365,36.549484,39.63791,33.226547,33.160988,8.709387,17.813875,41.599503,79.411385,63.266388,29.820517,50.997078,57.53895,19.037952,13.801474
2024-04-14,14.352068,43.422604,26.65173,64.29372,140.57634,12.167717,37.014065,39.387318,33.057938,33.232944,8.682272,17.370913,41.52202,78.68007,62.90174,29.711926,50.695858,57.45033,18.881464,13.757459
2024-04-15,14.4112,43.76797,26.518646,64.322754,140.2918,12.13578,37.412273,39.49966,33.18374,33.389233,8.685949,17.22074,41.76181,78.13272,62.824497,29.67945,50.521122,57.52544,18.68073,13.6856
2024-04-16,14.551088,44.111362,26.439941,64.396034,140.12155,12.138252,37.670353,39.874466,33.316822,33.642254,8.71603,17.156286,42.125385,77.762375,63.036076,29.72335,50.476116,57.76498,18.767483,13.579752
2024-04-17,14.541115,44.15993,26.283695,64.38422,140.11612,12.083271,38.05602,39.76266,33.303265,33.63273,8.976918,17.103792,42.17149,77.31933,62.67497,29.58721,50.2555,57.888603,18.76968,13.496185
2024-04-18,14.681851,44.147625,26.215448,64.25996,141.0532,11.988546,38.225494,39.682854,33.447735,33.868477,9.234713,17.112057,42.70713,77.03156,62.65877,29.51866,49.924545,58.352737,18.573923,13.532674
2024-04-19,14.470131,44.240414,25.879099,64.13775,140.38026,11.862806,37.66099,39.316647,33.58059,33.744667,9.236531,17.12662,42.13295,75.92305,62.289078,29.215292,48.828777,58.464546,18.041346,13.367518
2024-04-20,14.33395,44.51088,25.74204,63.99572,137.72755,11.8475685,37.31131,39.330746,33.73405,33.6159,9.279698,17.039612,41.95477,75.087875,62.733295,29.026905,48.495975,58.59102,18.053207,13.234807
2024-04-21,14.162487,44.678776,25.567997,63.83457,135.81802,11.783836,36.53159,39.25379,33.75929,33.523834,9.41029,16.935509,41.266083,74.70296,63.341415,28.786526,48.05693,58.590614,17.78578,13.047031
2024-04-22,14.006641,44.606434,25.439205,63.75908,134.50662,11.762148,35.512123,39.056698,33.789062,33.412903,9.529405,16.963196,41.03431,74.85731,63.763912,28.64683,47.544994,58.623867,17.709312,12.9057665
2024-04-23,13.932234,44.51116,25.368704,63.720936,133.61864,11.813446,34.68702,38.90845,33.872677,33.37982,9.659,17.082418,41.11004,75.286514,64.19584,28.590994,47.140015,58.75161,17.706085,12.81179
2024-04-24,13.8441725,44.711212,25.379436,63.740517,132.72743,11.841247,33.73454,38.763607,33.89288,33.387074,9.727185,17.215782,41.49549,75.50143,63.87435,28.430153,46.660126,58.892616,17.711393,12.718729
2024-04-25,13.810008,44.5836,25.343245,63.759064,133.03186,11.789993,32.90027,38.628597,33.589333,33.19637,9.638485,17.225958,41.57368,74.98683,62.86468,28.522955,46.450153,58.805954,17.26889,12.848911
2024-04-26,13.787642,44.287674,25.388773,63.68264,134.41188,11.907354,32.51367,38.530643,33.36525,33.173405,9.731825,17.47462,41.992615,74.90503,61.983078,28.464128,46.661846,58.79876,17.39745,12.849739
2024-04-27,13.599653,43.863003,25.429806,63.70333,133.76314,11.8733225,32.376965,38.6026,32.94944,33.15129,9.4248495,17.229292,42.063766,74.77184,61.550133,28.446976,46.213596,58.723793,17.432314,12.725045
2024-04-28,13.622468,43.754574,25.580898,63.743847,134.60852,11.985661,32.258656,38.835316,32.9878,33.105976,9.2266,17.138865,42.121067,76.05169,61.2872,28.515015,46.666832,58.551044,17.301939,12.6596575
2024-04-29,13.679592,43.615158,25.649216,63.85142,135.07455,12.056185,32.315517,38.911774,33.056602,33.061108,9.199798,17.200607,42.038006,76.51812,61.33244,28.46588,46.83025,58.4831,17.198608,12.665171
2024-04-30,13.729139,43.374306,25.729631,64.01627,135.36092,12.105128,32.424564,38.7599,33.109272,32.992973,9.228258,17.289572,41.890575,76.870804,61.431717,28.328215,46.840977,58.427586,17.097319,12.696219
2024-05-01,13.685537,42.86995,25.728485,64.29385,135.2025,12.101011,32.263653,38.444004,33.05085,32.86717,9.3351,17.37691,41.711174,77.23486,61.41281,28.148754,46.788258,58.28232,16.97916,12.754753
2024-05-02,13.680104,42.53093,25.640602,64.56384,134.13574,12.098693,32.297916,38.408146,33.13562,32.74856,9.219376,17.360878,41.650684,77.71243,61.673626,28.060225,46.481094,58.216534,16.687674,12.704815
2024-05-03,13.63143,42.28158,25.583227,65.903984,133.7084,11.976861,32.181656,38.186554,33.109665,32.741158,9.024619,17.362368,41.34485,77.9852,61.975204,27.945295,46.27853,58.772827,16.544971,12.516493
2024-05-04,13.671976,42.125717,25.480997,66.109024,132.17552,11.889217,31.358303,37.96858,32.898342,32.168484,8.661595,17.088665,40.382576,77.28937,60.899902,28.046888,45.216835,59.50401,15.84987,12.407021
2024-05-05,13.664653,42.17585,25.52203,66.66296,130.53455,11.951407,31.702705,37.825138,32.75935,31.904362,8.594555,16.9554,39.68324,76.90756,60.55429,28.09744,44.906647,58.882694,15.489898,12.376816
2024-05-06,13.439779,42.234165,25.383034,66.70859,128.71317,11.979461,32.00692,37.553078,32.50045,31.807636,8.432915,16.963745,39.245502,76.66732,60.11362,27.99249,44.292767,58.31142,15.187141,12.289124
2024-05-07,13.1102085,42.306908,25.167753,66.54602,126.75493,12.011242,32.382378,37.257935,32.19224,31.746265,8.223932,17.016804,38.770847,76.402466,59.345814,27.834135,43.37681,57.792904,14.82768,12.174455
2024-05-08,12.816902,42.406452,24.914099,66.26988,124.56818,12.041555,32.508602,37.00086,31.90761,31.631474,8.168016,17.094461,38.216934,76.59087,58.16024,27.632769,42.388996,57.444984,14.285344,12.09822
2024-05-09,12.722857,42.996853,25.249235,67.470634,125.014656,12.257249,33.46739,37.157146,31.897219,31.855112,8.163445,17.120697,38.529343,77.45053,57.83745,27.838726,42.490623,57.387527,14.383189,12.184423
2024-05-10,12.766662,44.02555,25.739706,68.16517,125.506485,12.228994,33.65396,37.06125,31.72012,32.128986,8.274892,17.090845,38.655083,77.6798,57.777634,27.881561,43.35702,57.386456,14.511823,12.190218
2024-05-11,12.710075,44.004486,26.166649,68.048904,125.24695,11.996774,33.749355,37.17757,31.717129,32.01614,8.052962,17.104797,38.03116,78.67942,57.831844,27.950834,43.070473,57.23488,14.016684,12.130885
2024-05-12,12.727561,43.03643,26.589956,68.207664,127.764755,11.882584,34.328552,37.316063,32.446217,32.122364,7.943845,17.19703,38.01077,79.61159,59.36903,28.00382,43.40065,57.321186,13.529147,12.105911
2024-05-13,12.746876,42.31597,26.87862,68.25744,129.33899,11.872239,34.773006,37.463116,32.72527,32.18773,7.929232,17.091911,37.949547,80.080315,60.33496,28.115475,43.903637,57.397957,12.779708,12.093402
2024-05-14,12.739345,41.73539,27.038319,68.26605,130.06953,11.887624,35.04003,37.538193,32.825848,32.20913,7.9453177,16.925377,37.809887,80.349556,60.938778,28.172922,44.054405,57.43764,12.021708,12.086766
2024-05-15,12.739268,41.642128,27.142746,68.18584,130.98068,11.915909,35.191315,37.566948,32.87305,32.148716,7.9496536,16.773636,37.650105,80.42652,61.212826,28.210375,44.41142,57.576546,11.579094,12.099974
2024-05-16,12.797331,41.493145,27.164072,68.35582,131.93594,11.933056,36.15859,37.780117,32.960136,32.32031,7.8678856,16.69803,37.228996,80.17388,61.379616,28.267714,44.31038,58.323143,11.559793,12.109969
2024-05-17,12.872348,41.982,27.263155,68.46595,132.64137,11.79162,36.31868,37.81576,33.05864,32.325085,7.8838186,16.664927,36.723263,80.51678,61.539257,28.327797,43.297516,57.951622,11.373836,12.102115
2024-05-18,12.6636715,42.230305,27.327465,68.4237,132.46509,12.006078,36.245922,37.50531,32.931988,32.078167,7.823595,16.860567,35.89813,80.18643,61.310345,28.141636,42.310238,57.272026,11.136134,11.9423
2024-05-19,12.699599,42.600063,27.50557,68.498314,133.2692,12.147926,36.981796,37.752014,33.328735,32.645058,8.014345,17.084112,36.786076,80.859406,62.59598,28.270163,42.596127,57.407726,11.728431,12.014066
2024-05-20,12.786455,42.90253,27.57843,68.90821,134.09096,12.262031,37.37455,37.955406,33.47934,32.995113,8.1459,17.04401,37.285583,81.11771,63.073708,28.306067,42.82541,57.545414,12.538324,12.051553
2024-05-21,12.838671,43.07408,27.623009,69.453384,135.03923,12.329898,37.509514,38.11462,33.53839,33.150745,8.236258,16.950079,37.529507,81.395935,63.18121,28.276346,42.90862,57.709286,12.896636,12.064575
2024-05-22,12.839674,43.21993,27.68306,69.6427,135.8592,12.299945,37.74247,38.11661,33.650482,33.046867,8.290483,16.964296,37.57701,81.86358,63.197353,28.258839,43.172367,57.871025,13.143967,12.078241
2024-05-23,12.783701,43.71335,27.756168,69.40758,137.96591,12.264445,38.173374,38.142303,33.91932,33.368477,8.004353,16.858854,38.30916,81.84321,63.59953,28.340605,43.71866,58.75144,13.844324,12.091665
2024-05-24,12.882898,43.73526,27.9153,69.603455,139.13092,12.248831,38.33378,38.31759,34.375862,33.442017,8.099219,16.780174,38.43215,82.01031,63.809185,28.522507,43.68868,59.864506,14.383359,12.099345
2024-05-25,12.964993,43.945824,27.78703,68.82688,140.7262,12.326404,38.14154,38.322792,34.665245,33.50978,8.152635,16.778034,38.75619,81.88333,64.01755,28.579767,43.90373,60.05247,14.515688,12.105114
2024-05-26,12.947972,43.89566,27.675953,69.151665,141.9406,12.251631,38.217556,38.195736,34.949417,33.48487,8.564803,17.018663,38.974205,81.9307,64.33466,28.61891,44.28075,60.202698,14.725806,12.132615
2024-05-27,12.784937,43.843964,27.697433,69.180725,143.07211,12.198281,38.209904,38.256145,35.10869,33.489464,8.702784,17.061459,39.11533,81.85565,64.697784,28.67088,44.503136,60.31411,15.071071,12.155419
2024-05-28,12.731956,43.6685,27.664816,69.116646,143.60632,12.195613,38.022575,38.295662,35.108112,33.473946,8.717228,17.01925,39.252827,81.76419,65.03335,28.682058,44.65517,60.3963,15.520455,12.159986
2024-05-29,12.805095,43.5915,27.657482,68.73104,142.41922,12.3671465,38.25254,38.34974,34.95074,33.562096,8.688504,16.955267,39.4901,81.56654,64.94097,28.761652,44.760586,60.354374,15.755672,12.054864
2024-05-30,12.831289,45.237537,27.603704,68.64324,141.36635,12.33332,37.87388,38.327667,34.906513,33.382607,8.642231,16.839252,39.374172,81.43816,64.61422,28.606524,44.408222,59.912457,15.865788,11.893656
2024-05-31,12.687365,45.922153,27.481516,68.63189,141.69017,12.420022,37.683132,38.150116,34.65275,33.216732,8.632913,16.793121,39.424957,81.38893,64.38583,28.530643,44.069263,59.47951,15.913039,11.93688
2024-06-01,12.682207,45.592407,27.51911,68.76743,141.74269,12.324212,37.382664,38.132072,34.761963,33.18648,8.9080925,16.7447,39.334488,81.22012,64.41809,28.369644,44.51038,59.546505,15.780622,11.981662
2024-06-02,12.806391,45.538395,27.546885,68.90067,142.49164,12.362828,37.49269,38.414215,34.91571,33.165226,8.722074,16.480125,39.37597,81.164215,64.60042,28.525873,44.2442,59.68087,15.678238,11.7973585
2024-06-03,12.798964,45.563026,27.515522,69.02238,142.15948,12.375645,37.47227,38.47318,34.98833,33.18439,8.613047,16.414753,39.495346,80.909935,64.36685,28.4982,43.43336,59.730274,15.817795,11.663113
2024-06-04,12.7698145,45.583553,27.477198,69.083626,141.90794,12.404526,37.365498,38.447845,35.01478,33.273575,8.538823,16.460459,39.63749,80.72624,64.0975,28.419538,42.607296,59.705856,15.938384,11.547414
2024-06-05,12.596265,45.317005,27.449608,69.2324,141.22102,12.191931,37.28786,38.350307,34.988216,33.25559,8.491822,16.487091,39.60893,80.70467,63.790817,28.277628,42.51236,59.85393,16.12324,11.497782
2024-06-06,12.470503,45.03925,27.437128,69.29148,140.53946,12.043969,37.518814,38.3118,35.066414,33.2173,8.436478,16.55729,39.907627,80.80907,63.49431,28.089928,42.648205,59.87499,16.171736,11.438985
2024-06-07,12.377735,45.257637,27.333254,69.74043,139.786,11.961075,37.19909,38.237484,35.044544,33.28609,8.370959,16.711697,40.127094,80.68198,63.53218,27.978819,42.634026,59.85848,16.13255,11.423698
2024-06-08,12.348286,45.833447,27.305975,70.0632,138.72215,11.97225,37.242626,38.302963,35.020412,33.286583,8.38345,16.694002,39.618267,80.58984,63.478596,27.966812,42.31214,59.739777,15.994973,11.507361
2024-06-09,12.494683,45.69384,27.257511,70.4866,137.82887,11.921597,36.98406,38.26876,35.065067,33.062965,8.304121,17.050646,39.53472,80.91715,63.635555,28.025333,42.116592,59.72516,15.764567,11.473273
2024-06-10,12.466751,45.289455,27.241508,70.53345,136.35832,11.834356,36.800045,38.243843,35.07636,32.975933,8.253047,17.127724,39.36986,80.972275,63.582752,28.042137,42.011494,59.67838,15.7642,11.446953
2024-06-11,12.433604,44.714394,27.25513,70.46804,134.6973,11.762305,36.64952,38.2332,35.047733,32.943665,8.234415,17.131313,39.302494,80.956665,63.478065,28.069105,41.99541,59.673237,15.856002,11.438628
2024-06-12,12.410318,44.39132,27.194696,70.25954,133.21233,11.714091,36.41281,38.28421,35.03266,32.901535,8.238853,17.154175,39.30243,80.76033,63.102467,28.154577,41.835747,59.666523,15.870763,11.492372
2024-06-13,12.407748,43.562958,27.214172,70.15973,131.39323,11.847993,36.482956,38.48524,34.935814,32.83807,8.185763,17.176598,39.189415,80.82248,63.67244,28.242687,41.37637,59.557316,15.36044,11.4730215
2024-06-14,12.423079,44.047737,27.210587,69.78698,130.28659,11.79448,36.092346,38.186058,34.880207,32.874245,8.072265,17.13673,39.17924,80.63227,63.611347,28.033178,41.73437,59.218616,15.226785,11.568913
2024-06-15,12.399366,44.926582,27.121538,69.94884,130.74547,11.488256,35.45728,38.0667,34.723392,32.78192,8.238208,17.042776,39.28443,80.744705,63.32851,27.842154,41.57368,59.528927,15.278603,11.553203
2024-06-16,12.298384,45.0444,27.16267,69.26723,130.8631,11.431067,35.544556,38.147564,34.720623,32.665825,8.361057,17.036028,39.725876,80.66746,63.276394,27.64249,40.7066,59.83806,15.518019,11.610573
2024-06-17,12.236115,44.69942,27.188519,68.850426,130.53708,11.33351,35.388523,38.111664,34.67819,32.66974,8.334012,17.033638,39.724968,80.46451,63.156918,27.466606,39.81679,59.859207,15.397709,11.64569
2024-06-18,12.165627,44.025803,27.183647,68.59431,129.99388,11.284904,35.1873,38.067986,34.591053,32.66465,8.248953,17.038673,39.574814,80.21626,63.003597,27.317318,38.98537,59.71993,15.121841,11.676201
2024-06-19,12.090626,42.985374,27.153969,68.40087,129.2894,11.415368,35.16804,37.95235,34.509922,32.867092,8.167876,17.12301,39.196545,80.05674,62.992706,27.331644,38.728283,59.5582,14.820568,11.634869
2024-06-20,12.086341,43.34318,27.220459,68.72353,130.13509,11.310332,35.74653,37.978615,34.61273,33.226124,8.254203,16.821032,39.61223,80.2161,63.496677,27.343758,39.401913,59.952663,15.322996,11.608097
2024-06-21,12.076521,43.524647,27.277449,68.67983,131.97441,11.184442,35.992607,37.85102,34.803604,33.283897,8.233263,16.805702,39.864418,80.079056,64.31347,27.376446,40.29739,60.24993,15.517658,11.599129
2024-06-22,12.017769,43.548164,27.378645,68.51247,132.34575,11.070215,36.14345,37.762024,35.02413,33.0589,8.35626,16.615768,39.83895,80.09887,64.41735,27.440561,40.87414,60.55083,16.192432,11.545684
2024-06-23,12.08389,43.203857,27.53708,68.29311,132.38017,11.133202,35.953205,38.129745,35.138813,32.92951,8.41706,16.58714,39.587494,80.20702,64.250046,27.653738,40.659584,60.5318,16.249157,11.539152
2024-06-24,12.193745,43.48582,27.511694,68.16913,132.35881,11.167698,35.591084,38.19843,35.167297,32.92864,8.476753,16.579287,39.499493,80.1239,63.986122,27.694967,40.2867,60.62142,16.281961,11.593349
2024-06-25,12.3359,43.975273,27.434097,68.070854,132.50038,11.206858,35.517128,38.214127,35.180443,33.02681,8.5180645,16.609339,39.51405,80.06473,63.787716,27.689968,39.792843,60.755512,16.26954,11.683001
2024-06-26,12.185918,44.023106,27.30388,68.47572,133.00662,11.215984,35.55532,38.120388,35.199104,33.053192,8.574989,16.618177,39.31993,80.17457,63.88329,27.71929,39.57487,60.982864,16.573997,11.589741
2024-06-27,12.294169,43.48518,27.34417,68.65324,132.7806,11.308102,35.647884,38.223297,35.26979,33.262005,8.5391445,17.035439,39.524902,80.15138,64.11128,27.97834,39.995174,60.8973,16.943737,11.550731
2024-06-28,12.33858,43.656353,27.310394,68.633484,133.30696,11.383946,35.907444,38.343655,35.19625,33.430336,8.47391,17.066208,39.87013,80.28269,64.322685,28.158398,40.08108,61.405113,17.737432,11.593327
2024-06-29,12.309814,43.640102,27.220207,69.09398,132.4331,11.329452,35.822525,38.2824,35.317444,33.714817,8.451847,17.059399,40.05222,80.468636,64.347244,28.182846,40.178905,61.64031,17.823694,11.5029
2024-06-30,12.2409525,43.85313,27.074703,69.475136,131.6922,11.282235,35.89972,38.10639,35.532593,33.549137,8.433812,17.003057,39.83238,80.40902,63.855736,28.047966,40.432823,61.847763,17.957602,11.50323
2024-07-01,12.225861,43.555656,27.053944,69.54012,131.3849,11.229272,36.159725,38.064922,35.690907,33.493267,8.371581,16.91082,39.605774,80.466835,63.562458,27.981945,40.639046,61.839237,17.852156,11.634869
2024-07-02,12.236506,43.213676,27.05661,69.46489,130.55319,11.224424,36.443172,38.06624,35.810955,33.461864,8.329199,16.777496,39.40378,80.52136,63.465286,28.066154,40.65373,61.641735,17.668089,11.762961
2024-07-03,12.248246,42.796265,27.120209,69.30216,129.57567,11.226822,36.838806,38.125435,35.974495,33.42419,8.262122,16.650871,39.100582,80.65201,63.24675,28.17525,40.649384,61.539005,17.276669,11.821132
2024-07-04,12.250024,43.187325,27.164562,69.28483,129.16763,11.293023,36.866516,37.900494,35.884205,33.66006,8.295539,16.546854,39.022194,80.91055,63.145702,28.136646,40.883255,61.31275,17.086906,11.874803
2024-07-05,12.405136,43.232204,27.181707,69.25517,128.04605,11.198804,36.946476,37.929993,35.669804,33.467186,8.252363,16.69142,38.755848,80.94679,63.048744,28.126493,41.220463,61.521255,16.117903,11.861752
2024-07-06,12.432371,42.37519,27.07615,69.37054,126.61749,10.978939,36.70735,37.781013,35.573044,32.801537,8.303886,16.661644,38.21136,80.92464,62.444733,28.003721,41.244656,61.48183,15.40706,11.935764
2024-07-07,12.464889,41.78008,27.276981,68.506714,126.986984,11.058273,36.64323,37.956135,35.357586,32.648582,8.261098,16.325863,37.958923,80.75551,62.228966,28.16712,41.524616,61.599754,15.140842,11.994158
2024-07-08,12.513229,41.617237,27.445053,67.90812,126.67349,11.078353,36.665257,38.115696,35.286552,32.68424,8.28172,16.219732,37.96226,80.684784,62.15438,28.231312,41.910053,61.69992,15.005832,12.0832
2024-07-09,12.586672,41.657185,27.668922,67.517204,125.88263,11.051997,36.723534,38.274055,35.29852,32.77498,8.341043,16.202461,38.02043,80.696884,62.019047,28.301062,42.11292,61.83589,14.926689,12.18161
2024-07-10,12.641507,41.404457,27.894665,67.23231,125.6297,11.0460415,37.209846,38.502396,35.37369,32.81808,8.360518,16.297035,38.20037,80.57193,61.989525,28.340706,42.17036,61.965816,14.863152,12.227511
2024-07-11,12.624393,41.50978,28.17918,67.50067,124.15204,11.022233,36.77902,38.446007,35.3863,32.68385,8.337148,16.51961,38.058323,80.67766,61.61051,28.358387,40.836693,61.895508,14.935318,12.234608
2024-07-12,12.519492,42.018013,28.202015,67.4121,124.78664,11.101724,37.23877,38.416973,35.45754,32.771515,8.244449,16.616522,38.25635,81.14887,61.014606,28.244843,40.402534,61.630806,14.849513,12.266556
2024-07-13,12.459583,42.11527,28.273617,67.17874,129.0233,11.138846,36.917686,38.333126,35.51971,32.535385,8.03844,16.665352,38.017258,82.2839,61.247807,28.155724,41.35246,61.84337,14.596056,12.325559
2024-07-14,12.391679,42.46743,28.283293,67.04586,129.2037,11.121248,37.05779,38.223167,35.522312,32.408634,8.027407,16.596064,38.063198,83.13912,61.193275,28.110214,41.632214,61.810764,14.732449,12.592341
2024-07-15,12.363118,42.702354,28.257324,66.87432,128.89369,11.102533,37.09186,38.119034,35.46592,32.268448,8.024157,16.575712,37.816135,83.31897,61.106853,28.02006,41.924225,61.749825,14.637605,12.648405
2024-07-16,12.347309,43.010635,28.20521,66.673164,128.35782,11.08671,37.13916,38.019424,35.374084,32.16013,8.035865,16.59326,37.54084,83.28324,61.03508,27.943943,42.1633,61.689163,14.446556,12.704573
2024-07-17,12.319284,43.41306,28.126802,66.53653,127.472916,11.048398,37.384365,37.856644,35.38851,32.009193,8.029974,16.610374,37.413197,83.25148,60.760002,27.819752,42.357376,61.557304,14.429107,12.712224
2024-07-18,12.269719,43.451023,27.925034,66.49639,124.385925,11.031187,37.463238,37.578663,35.427013,32.059685,7.8921947,16.633995,37.41673,83.38444,60.729103,27.502157,42.331818,61.395298,14.327206,12.636769
2024-07-19,12.111557,43.191933,27.475655,66.36955,124.955925,11.065965,36.928432,37.357937,35.43125,31.674782,8.077041,16.664846,36.361977,83.09506,61.427544,27.439665,42.59011,61.398705,14.326184,12.594899
2024-07-20,12.227575,42.683,27.432491,66.75112,125.388664,11.012643,36.90984,37.455143,35.532925,31.938515,8.158101,16.748156,37.1797,83.23666,61.89585,27.356201,43.02198,61.662716,15.47726,12.604323
2024-07-21,12.228395,43.2678,27.31147,66.60814,123.07896,10.968584,36.70136,37.336437,35.531696,31.845564,8.241782,16.523197,37.120777,82.902374,61.8767,27.2977,43.11889,61.978165,15.887035,12.575362
2024-07-22,12.191989,43.80649,27.237316,66.530426,122.80238,10.954131,36.46985,37.317062,35.469578,31.842665,8.288932,16.53886,36.85245,82.87532,61.849926,27.191267,43.400177,62.050716,16.043505,12.545319
2024-07-23,12.109394,44.255257,27.150452,66.42102,122.525276,10.9371805,36.187187,37.289845,35.294353,31.807943,8.275068,16.616129,36.417362,82.82121,61.700665,27.049292,43.771698,61.857697,16.040802,12.52172
2024-07-24,12.041134,44.379044,27.056534,66.360115,122.74916,10.820945,35.436886,37.229008,34.95069,31.81099,8.299488,16.716227,36.117153,82.84966,61.73558,26.942451,44.254974,61.323902,16.294844,12.551962
2024-07-25,11.992826,44.140617,26.961105,66.387764,121.53445,10.768251,34.827953,37.112064,34.732773,31.78568,8.280532,16.429394,35.800735,82.48021,61.75034,26.8098,44.180218,60.62882,16.287174,12.767449
2024-07-26,12.058212,44.428936,27.035336,66.397194,122.15993,10.77639,34.966404,37.08379,34.720055,32.05946,8.389904,16.615242,36.389866,82.51499,61.62879,26.883707,44.26437,60.431305,17.223434,12.953079
2024-07-27,11.986969,43.513756,27.074299,67.05594,123.03316,10.786515,34.740826,37.10053,34.751293,32.392212,8.384033,16.427668,36.3169,82.73788,61.477345,26.964508,44.373055,60.409775,17.44824,13.06393
2024-07-28,11.830781,42.505135,27.016329,67.23587,123.09989,10.641502,34.51642,36.749886,34.626118,32.259457,8.365113,16.245132,36.070362,82.54436,61.42877,26.795221,44.44374,60.23242,17.948204,13.172998
2024-07-29,11.706086,42.195698,27.020472,67.27904,123.48967,10.617765,34.498775,36.615414,34.569897,32.274487,8.241178,16.246016,35.94008,82.40915,61.457645,26.726583,44.604336,60.170513,18.337337,13.25712
2024-07-30,11.603008,42.225826,27.027073,67.269165,124.22284,10.62197,34.60995,36.597454,34.561253,32.391247,8.08257,16.310427,35.892597,82.3528,61.519016,26.721998,44.679893,60.15559,18.652044,13.304495
2024-07-31,11.5468025,42.04065,27.01779,67.33732,124.10992,10.58284,34.627056,36.625286,34.472565,32.57859,8.075136,16.424953,35.909145,82.44877,61.522285,26.711344,44.936295,59.964848,19.386532,13.332762
2024-08-01,11.566148,42.17372,27.157087,67.55021,124.716995,10.629161,34.823708,36.89074,34.516884,32.894344,8.018385,16.470718,36.14247,82.428925,62.115936,26.816874,45.837723,59.91541,18.659748,13.506103
2024-08-02,11.429571,42.31317,27.000563,67.56283,125.07992,10.561289,34.52798,36.7078,34.38484,32.958504,8.162837,16.140257,36.78358,82.4462,61.90594,26.735542,46.346004,59.547924,19.305035,13.427414
2024-08-03,11.287385,42.553696,27.033812,67.0592,126.237946,10.620616,34.86246,36.775684,34.64491,33.089176,8.2145605,16.202198,36.750214,81.97143,61.9919,26.676294,46.597393,59.763577,19.461592,13.389524
2024-08-04,11.279009,42.506508,26.845457,66.97501,126.66416,10.620151,34.70802,36.913708,34.67009,32.989662,8.18643,16.512045,37.506317,80.86184,61.88507,26.656233,46.2908,60.300655,19.34143,13.418321
2024-08-05,11.205443,42.73415,26.699429,67.0034,125.68413,10.616751,34.75415,36.95979,34.71425,33.028152,8.228622,16.584768,37.637882,80.317444,61.78975,26.627802,46.288773,60.47772,19.682137,13.4083605
2024-08-06,11.166918,42.93203,26.581776,67.00785,124.31108,10.64576,34.787617,36.975384,34.74552,33.101326,8.297078,16.577751,37.449966,79.808075,61.649506,26.481262,46.373493,60.36779,20.3372,13.359759
2024-08-07,11.016968,42.66205,26.6075,66.60607,123.193115,10.6664295,34.978447,37.004524,34.92565,33.158882,8.379817,16.596195,36.776924,79.47965,61.770756,26.310228,46.80539,60.323093,20.825752,13.17566
2024-08-08,10.895278,42.366848,26.67646,66.25395,121.44597,10.695186,34.87737,36.927643,34.97775,33.0314,8.340912,16.680645,37.006546,79.126,62.023575,26.20228,46.726246,60.661224,21.25911,13.192052
2024-08-09,10.885776,42.63082,26.786758,65.89274,121.53618,10.581859,34.91753,36.97683,35.21991,33.191315,8.548997,16.749792,37.523193,79.68693,62.038074,26.248156,46.96975,61.076786,22.237314,13.228319
2024-08-10,10.867565,42.656803,26.880451,65.4491,123.18356,10.418183,35.047916,36.96135,35.31522,33.272682,8.725599,16.728464,37.510704,79.3051,61.69083,26.327044,47.62076,61.43062,23.126936,13.3796215
2024-08-11,10.851501,42.060917,26.917328,65.28681,125.021194,10.328826,34.958946,36.98677,35.168594,33.19457,8.723723,16.706305,37.44851,78.33687,60.994164,26.287464,48.15248,61.198483,23.098019,13.515211
2024-08-12,10.817004,41.664536,26.902073,65.208984,126.609184,10.283512,34.92624,37.003643,35.103657,33.137405,8.600845,16.691053,37.431458,78.05939,60.446983,26.259577,48.610878,60.940273,23.022945,13.618394
2024-08-13,10.764572,41.34996,26.854095,65.190445,127.648636,10.274047,34.955975,37.00472,35.06349,33.097782,8.499733,16.681032,37.437473,77.96274,60.01149,26.236181,49.184402,60.750866,22.910305,13.7259245
2024-08-14,10.715048,40.900917,26.74295,65.13424,127.61378,10.264993,34.99175,36.990246,34.996147,33.052437,8.46284,16.61881,37.506145,77.87813,59.593334,26.253948,49.817394,60.36054,22.690998,13.853416
2024-08-15,10.66278,40.36003,26.619175,64.89867,125.22832,10.52683,35.0363,36.80606,34.821865,32.920643,8.408602,16.629934,37.481834,78.028854,58.621395,25.717909,50.338078,60.02454,22.461771,13.856956
2024-08-16,10.526996,40.166874,26.482346,64.73954,123.53109,10.63842,34.91201,36.585182,34.6887,32.968563,8.531945,16.631773,37.631687,77.97899,58.644638,25.340908,50.702003,60.153103,22.897919,13.6405525
2024-08-17,10.16758,39.883106,26.419611,64.96182,122.78229,10.868061,34.7993,35.94251,34.33892,32.713413,8.063259,16.552853,37.08763,76.89981,58.249435,24.956799,50.703293,60.075672,20.935104,13.538548
2024-08-18,9.938612,39.98802,26.260683,64.60861,121.68236,11.100091,33.952003,35.06407,33.99464,32.25882,7.790507,15.999941,35.98159,76.795364,57.544308,25.014112,51.05254,59.86366,19.444769,13.257995
2024-08-19,9.851551,39.81146,26.30632,64.36278,121.13418,11.171869,33.968227,34.583637,33.915573,31.99094,7.6925917,15.899875,35.25051,76.67008,57.148476,25.05095,51.23043,59.693924,18.635038,13.043246
2024-08-20,9.831572,39.671337,26.39727,64.13786,120.625046,11.175216,34.243282,34.389874,33.952015,31.855639,7.743765,15.92971,34.853107,76.624435,56.86808,25.164219,51.384197,59.525974,18.406796,12.958541
2024-08-21,9.773373,39.609245,26.41356,63.945927,120.78199,11.106711,34.769608,34.149162,33.99432,31.83022,7.749335,16.00586,34.615944,76.41327,56.67352,25.217613,51.4944,59.2099,17.083,12.934871
2024-08-22,9.674317,39.5238,26.61849,63.96886,119.369965,11.126676,34.506428,34.024765,33.97721,31.426147,7.657171,15.799381,34.28623,75.844696,55.988308,25.15195,50.635456,58.485817,16.125927,12.9208765
2024-08-23,9.694636,39.357986,26.632711,64.19199,118.80903,11.1855135,34.54651,33.523243,34.061966,31.523447,7.771768,15.74693,34.51058,75.70463,55.43358,25.122808,50.335186,58.2217,16.547749,12.876748
2024-08-24,9.799915,39.22649,26.651749,64.16445,118.03688,11.154213,34.626163,33.56035,34.59336,31.704617,7.524806,16.045187,34.704765,75.85155,55.854824,25.26961,49.838936,58.450115,16.883486,12.851048
2024-08-25,9.75543,39.49408,26.61886,64.43104,118.38161,11.15151,34.443592,33.511307,34.73958,31.65147,7.4865465,16.189846,34.611794,75.66144,56.157135,25.301983,49.510944,58.658474,16.665854,12.8543825
2024-08-26,9.725079,39.908348,26.620672,64.60728,118.442474,11.197248,34.419437,33.76054,34.856976,31.65485,7.538674,16.277742,34.655983,75.797485,56.209103,25.337397,49.295647,58.94406,16.554474,12.83339
2024-08-27,9.704487,40.47159,26.630331,64.82046,118.29964,11.263114,34.39996,34.162334,34.97795,31.679634,7.6234984,16.352943,34.792107,76.30797,56.144043,25.388268,49.11746,59.279663,16.530237,12.802371
2024-08-28,9.681548,40.96763,26.659649,64.7816,118.408714,11.315623,34.37478,34.41174,34.99757,31.758366,7.6912713,16.40333,34.9207,76.43863,55.90963,25.393805,48.978268,59.439014,16.767591,12.83797
2024-08-29,9.69951,41.023647,26.638659,64.80374,119.0647,11.521244,34.455883,34.19118,34.98212,31.880018,7.9283023,16.440544,35.295883,76.46459,56.068157,25.41842,49.130123,60.325275,17.294193,12.866675
2024-08-30,9.617366,40.665745,26.603436,64.741615,121.00521,11.254589,34.535786,34.10388,35.044193,31.944279,7.9705853,16.442888,35.02555,76.61736,56.31805,25.319696,49.47123,60.89876,17.574553,13.029841
2024-08-31,9.659286,40.07403,26.518896,64.66448,121.16687,11.210057,34.16762,34.162548,34.988873,31.73763,8.196172,16.523458,35.172623,76.9515,56.464966,25.308163,49.520966,60.875107,17.686655,13.039473
2024-09-01,9.582441,39.308453,26.553843,64.64944,123.11892,11.174348,34.23056,34.36791,35.13023,31.755962,8.234904,16.5086,35.229374,77.62562,56.328953,25.24077,50.12809,60.959522,17.728184,13.1402025
2024-09-02,9.5442,38.681335,26.555298,64.60567,123.72877,11.11144,34.238342,34.464314,35.2237,31.679071,8.254964,16.43164,35.111294,77.95374,56.227253,25.180552,50.349728,61.15006,17.598387,13.1579
2024-09-03,9.54578,38.165657,26.534212,64.53851,123.78785,11.023417,34.254196,34.477474,35.312828,31.512287,8.259497,16.320969,34.98983,78.03852,56.064182,25.09587,50.32429,61.33317,17.396082,13.132698
2024-09-04,9.556973,37.740753,26.493196,64.432594,123.41939,10.919849,34.168377,34.50292,35.346756,31.262774,8.263191,16.184364,34.876526,77.93361,55.822582,24.973343,50.17162,61.363144,17.22185,13.089335
2024-09-05,9.553913,37.465485,26.43206,64.11035,124.19587,10.947895,34.1146,34.219772,35.388203,31.227385,8.309613,16.119677,34.71336,77.82696,55.339657,24.761143,50.578526,60.8179,17.078325,13.090836
2024-09-06,9.424298,36.916607,26.447906,64.003815,124.42196,10.790477,33.975464,34.084866,35.16838,31.205542,8.213038,16.069365,34.455498,77.5215,54.51801,24.590576,50.159267,60.95108,16.89424,13.027541
2024-09-07,9.536745,37.251816,26.481703,64.11683,127.84585,10.890809,34.61938,34.337105,35.48141,31.566704,8.47119,16.061876,34.67278,77.744484,55.024162,24.852694,50.138863,61.32137,17.995592,13.154253
2024-09-08,9.568459,38.42348,26.487484,64.17849,130.5369,11.026462,34.945854,34.330128,35.556873,31.970474,8.572356,16.079552,34.924915,77.67165,55.375824,25.059458,50.336967,61.623356,19.03464,13.26551
2024-09-09,9.5568695,39.148956,26.508036,64.21962,132.29726,11.169807,35.003716,34.39025,35.59418,32.206757,8.628976,16.146584,35.01597,77.53709,55.372746,25.165445,50.407883,61.89624,19.623627,13.287112
2024-09-10,9.550571,39.63061,26.530867,64.288,132.67474,11.30501,34.99378,34.491047,35.60574,32.340885,8.654704,16.224003,35.087383,77.36406,55.278927,25.230824,50.341,62.135788,19.912664,13.277746
2024-09-11,9.545559,39.769096,26.544209,64.400505,131.82022,11.51734,34.782993,34.513268,35.50337,32.52005,8.6469,16.311787,35.14128,76.77828,55.14043,25.178038,50.142773,62.32824,20.203579,13.277822
2024-09-12,9.466464,38.469273,26.555536,64.41747,132.7498,11.427377,34.88058,34.57926,35.49464,32.6651,8.706494,15.917811,34.911076,75.99807,54.850792,25.201561,50.1523,62.345116,20.079348,13.178591
2024-09-13,9.478045,37.94797,26.626898,64.47274,134.45715,11.498835,35.016804,34.672047,35.59746,32.82391,8.521788,15.798381,34.95517,76.07505,54.52995,25.150436,50.09523,62.09545,20.04843,13.297306
2024-09-14,9.586101,37.356583,26.692957,65.14522,134.85023,11.457046,35.10351,34.37035,35.58813,32.96252,8.432207,15.601281,34.68433,75.80485,54.327015,25.214405,49.883343,61.72867,19.812525,13.330458
2024-09-15,9.53342,37.14066,26.735579,65.35188,134.75125,11.439408,34.8528,34.216007,35.607018,32.948887,8.320038,15.814891,34.545464,74.96166,54.375946,25.047182,49.26453,61.471867,19.71466,13.228745
2024-09-16,9.519432,37.13656,26.788637,65.41078,134.7351,11.457387,34.764168,34.169037,35.591908,32.958645,8.246839,15.887487,34.49792,74.491325,54.395115,25.020128,49.013813,61.46854,19.80565,13.11322
2024-09-17,9.53995,37.23844,26.849234,65.46015,134.815,11.495076,34.776154,34.15613,35.569763,32.998894,8.185097,15.907781,34.528904,74.21113,54.361637,25.10002,49.079586,61.568985,20.05687,13.011242
2024-09-18,9.543546,36.852196,26.946976,65.27927,135.64644,11.563681,35.47203,34.089478,35.585094,33.09666,7.9720006,15.917246,34.408295,73.70115,54.390476,25.200258,49.367638,61.592335,19.485426,12.908549
2024-09-19,9.508616,36.843014,26.866879,65.0469,135.27428,11.621286,35.244843,33.976784,35.526157,33.33238,7.8077607,15.80394,34.371563,73.07698,54.27581,25.024035,49.466087,61.401417,18.958218,12.857582
2024-09-20,9.822941,36.648773,27.307585,64.90188,136.1577,11.635948,35.118103,34.505245,35.49851,33.393654,7.801709,15.694113,34.198986,73.05618,54.22194,25.388144,49.565964,61.22468,18.83756,13.075161
2024-09-21,9.897471,36.76081,27.88589,64.70844,136.07031,11.660481,34.87139,35.028797,35.381126,33.93217,7.6744537,15.663473,34.481068,72.13032,54.106987,25.554005,50.022247,60.994568,18.154156,13.151493
2024-09-22,9.760842,37.270027,28.027767,64.76878,136.24576,11.597902,34.5004,34.879543,35.320763,34.229256,7.6301427,15.599239,33.95164,71.54915,54.40254,25.4574,50.33561,60.786385,17.628065,13.555641
2024-09-23,9.721217,37.54923,28.258572,64.744835,136.70941,11.638666,34.459095,34.704857,35.356937,34.2838,7.688976,15.600137,33.909626,71.50288,54.58791,25.265764,50.389923,60.609814,17.603,13.601158
2024-09-24,9.713213,37.44592,28.410517,64.68133,136.5627,11.7207,34.45785,34.637344,35.400303,34.26657,7.7428226,15.601339,33.85694,71.86108,54.68937,25.243074,50.331604,60.472477,17.625465,13.53804
2024-09-25,9.63015,37.343994,28.478203,64.646454,136.82486,11.805306,34.6843,34.622753,35.45247,34.31825,7.753297,15.607994,33.803772,71.76575,54.831657,25.3072,50.416435,60.375484,17.338894,13.478037
2024-09-26,9.532342,37.92831,28.587437,64.7542,136.99033,11.892138,34.642048,34.52264,35.269104,34.399967,7.7978954,15.863338,33.722553,71.48802,55.16756,25.210222,50.293888,60.064663,16.184387,13.390621
2024-09-27,9.526493,38.745106,28.576765,64.61321,136.99336,11.837117,34.4907,34.50595,35.697956,34.33741,7.8351183,15.904437,33.616802,71.705734,55.97321,25.458033,50.433475,59.81651,15.781425,13.343414
2024-09-28,9.477474,39.505127,28.51295,64.55557,136.94405,11.744653,34.26958,34.3401,35.936478,34.141598,7.9139037,15.854471,33.443798,71.596375,56.037617,25.369566,50.382923,59.81924,15.772067,13.300828
2024-09-29,9.408158,40.02993,28.316729,64.65826,137.39311,11.534707,34.17513,34.591553,36.300735,34.141056,8.01748,15.857226,33.360462,71.52345,56.03179,25.431074,50.056442,60.035053,15.825662,13.201259
2024-09-30,9.377568,40.46541,28.184149,64.78764,137.96655,11.446284,34.10229,34.63131,36.587147,34.231834,8.10611,15.784605,33.317562,71.3721,56.11537,25.384834,49.953625,60.182575,16.049936,13.172701
2024-10-01,9.365777,40.567657,28.035782,64.853065,138.11818,11.396243,34.027878,34.598103,36.75527,34.255394,8.140177,15.641598,33.2191,71.09481,56.09884,25.3424,49.65651,60.32538,16.314928,13.051212
2024-10-02,9.177156,40.713287,27.916325,64.72393,138.15135,11.386137,34.111362,34.5318,36.81446,34.25966,8.0324135,15.543429,33.190174,71.15147,56.202896,25.131367,49.571583,60.378223,16.24449,12.995204
2024-10-03,8.998457,40.387558,27.77881,64.47033,138.08908,11.303581,33.579353,34.332684,36.324604,34.207886,8.145591,15.525759,32.980663,70.30407,55.595684,24.99099,49.239666,59.78289,16.31426,12.936043
2024-10-04,8.890115,41.14572,27.752876,64.170654,138.51389,11.323926,33.47101,34.110767,36.17313,33.991352,7.981734,15.530601,33.10211,70.09339,55.074055,24.63442,48.977104,59.69399,16.14224,13.009771
2024-10-05,8.8804865,40.978252,27.676123,64.03007,138.4863,11.426002,33.05853,34.020664,36.11404,33.618687,8.180058,15.434119,32.74179,69.78237,54.43635,24.841848,48.957447,60.06591,16.13487,13.183215
2024-10-06,8.843229,40.642876,27.821617,64.07797,137.79254,11.2576,32.989674,33.84216,35.95184,33.487633,8.08171,15.55935,32.61194,69.11566,53.52766,24.670317,48.92541,60.354218,16.255262,13.217534
2024-10-07,8.814171,40.384033,27.892845,64.12422,137.1296,11.1564865,32.86727,33.714912,35.81321,33.300205,8.054637,15.602921,32.33963,68.669655,52.84893,24.703314,48.62479,60.641922,16.285242,13.312857
2024-10-08,8.780639,40.06034,27.914991,64.15488,136.489,11.085084,32.79921,33.566154,35.744076,33.17941,8.078872,15.602628,32.055374,68.34611,52.39007,24.725939,48.137413,60.970436,16.270977,13.470741
2024-10-09,8.681702,39.873737,27.93215,63.848995,135.12581,10.959327,32.33064,33.4591,35.60622,33.147232,8.120583,15.55944,31.76949,67.64246,52.139175,24.543238,47.71834,61.224068,16.047602,13.633706
2024-10-10,8.467118,39.36489,27.94088,63.643173,135.6709,10.974153,32.063942,32.446903,35.616447,32.865177,8.016534,15.377795,30.965761,67.80889,52.196598,23.92665,47.76028,60.80863,15.620145,13.643849
2024-10-11,8.354401,39.5649,28.016003,63.573204,134.4928,11.082521,32.28151,32.03474,35.68606,32.69948,8.162944,15.425181,30.475021,70.28365,52.228947,23.706842,47.35384,60.687317,15.781615,13.165476
2024-10-12,8.321694,39.18412,28.301018,63.491596,133.49571,11.13174,32.247066,32.203503,35.63073,32.60542,8.316162,15.458756,30.001192,70.64899,52.13766,23.832333,47.243977,60.50259,15.633198,12.968441
2024-10-13,8.300612,39.02216,28.602438,63.411617,132.56181,11.034338,32.09781,32.133224,35.675774,32.669533,8.36585,15.518204,29.65945,69.16807,51.951427,23.908024,46.232883,60.11466,15.125965,12.843069
2024-10-14,8.255761,39.039803,28.686848,63.395405,131.7931,10.996324,32.11242,32.082386,35.684074,32.706806,8.385901,15.526563,29.449913,68.4671,51.745758,23.87961,45.82505,59.948803,14.833703,12.815209
2024-10-15,8.209425,39.218674,28.705824,63.40492,131.4444,10.998249,32.258827,32.10865,35.680874,32.74165,8.350402,15.534044,29.314945,67.98933,51.566147,23.831427,45.61681,59.920155,14.784913,12.810904
2024-10-16,8.132784,39.274433,28.600159,63.45117,131.24167,11.013887,32.19945,31.993034,35.700825,32.749386,8.29024,15.535713,29.265701,67.61745,51.519012,23.736076,45.322838,59.811626,15.229915,12.781688
2024-10-17,8.086467,38.702736,28.369478,63.337704,129.85051,10.907082,32.109547,31.732306,35.48739,32.6686,8.296613,15.574657,29.203976,67.36921,51.622643,23.687168,45.45043,59.41134,15.33724,13.0016165
2024-10-18,8.123819,38.487347,28.280842,63.348186,130.15169,10.984583,32.49628,31.287151,35.25275,32.748753,8.219613,15.607225,29.251451,67.49471,51.497486,23.524134,45.529465,59.045372,15.191184,13.153491
2024-10-19,8.124711,38.98865,28.436623,63.47956,130.40327,10.789364,32.767315,31.051788,35.24777,32.940327,8.200462,15.608306,29.40956,67.57896,51.531876,23.542767,46.034637,59.46686,15.0450735,13.2137375
2024-10-20,8.127946,39.446476,28.34497,63.60905,131.77962,10.930847,32.604782,31.399458,35.274715,33.11902,8.29154,15.588202,29.522184,67.457214,51.438293,23.82094,46.88827,59.50924,15.326154,13.592113
2024-10-21,8.110977,39.56918,28.280947,63.661156,132.92964,10.942358,32.493347,31.714901,35.322098,33.127197,8.348621,15.610656,29.447262,67.27088,51.40509,23.949879,47.10672,59.320503,15.497588,13.73179
2024-10-22,8.0881405,39.571636,28.230797,63.619564,133.88617,10.94242,32.309444,32.013226,35.386395,33.17509,8.374115,15.64038,29.33159,67.06537,51.49954,24.016966,47.01976,59.119267,15.641398,13.758538
2024-10-23,8.00828,39.812096,28.17644,63.661263,134.72034,10.894169,31.723238,32.09087,35.31957,33.34656,8.33632,15.69764,29.296247,67.21704,51.452198,23.952358,46.671658,58.971924,15.469903,13.701239
2024-10-24,7.9611864,39.797054,28.214096,63.53742,135.4133,11.010541,31.676867,32.211094,35.33908,33.369556,8.40218,15.634933,29.201435,66.82159,51.593113,24.160894,46.75593,59.01629,15.0598955,14.180373
2024-10-25,7.925641,39.91121,28.171698,63.412186,134.15671,11.140061,31.418266,32.275055,35.36485,33.37085,8.469179,15.532328,29.530499,66.58049,51.639153,24.043444,46.663692,58.832493,14.78215,14.30792
2024-10-26,7.9287343,39.799885,28.232822,63.427185,136.22818,11.172266,31.651258,32.615974,35.631573,33.503094,8.540992,15.540603,29.747448,66.770836,52.303436,24.323427,47.18079,59.35542,14.737001,14.260742
2024-10-27,7.9253078,39.34026,28.24525,63.44501,137.174,11.206351,31.907665,32.715595,35.824596,33.687737,8.515893,15.612695,30.559088,67.52033,53.06802,24.457685,47.31442,59.46655,14.887801,14.126612
2024-10-28,7.9200573,38.879814,28.270794,63.42195,137.92494,11.191691,32.092804,32.758083,35.942608,33.697586,8.496166,15.626641,30.799723,67.76394,53.441788,24.52084,47.572937,59.47644,15.020382,14.04677
2024-10-29,7.9034414,38.49708,28.28663,63.384537,138.69574,11.196298,32.235016,32.73988,36.034393,33.638268,8.482813,15.623459,30.869118,67.82014,53.65021,24.568491,47.682167,59.385647,14.928241,14.01423
2024-10-30,7.866991,38.2921,28.351181,63.277626,139.4571,11.203568,32.39036,32.741867,36.08468,33.60753,8.51611,15.61627,31.053381,67.53528,53.60651,24.569702,47.758694,59.29247,14.94173,14.018905
2024-10-31,7.82482,38.54498,28.342806,63.313183,139.92186,11.267378,32.32664,32.77947,36.105877,33.565235,8.453867,15.627024,31.052334,67.71838,53.556076,24.574081,47.705444,59.21152,14.649984,13.8643875
2024-11-01,7.803476,38.301594,28.275581,63.42602,139.45164,11.306822,32.364178,32.72256,36.16948,33.549206,8.432442,15.525737,31.167942,68.15078,53.36942,24.520737,47.699604,59.257725,14.648576,13.86136
2024-11-02,7.7727847,38.42856,28.22578,63.31643,138.70168,11.267464,32.293865,32.76928,36.154675,33.667027,8.434959,15.545679,31.283905,68.655014,53.47524,24.499243,47.556576,58.832314,14.41702,13.850848
