CP,Năm,Kỳ,Tăng trưởng doanh thu (%),Doanh thu (đồng),Lợi nhuận sau thuế của Cổ đông công ty mẹ (đồng),Tăng trưởng lợi nhuận (%),Thu nhập tài chính,Chi phí tiền lãi vay,Doanh thu bán hàng và cung cấp dịch vụ,Các khoản giảm trừ doanh thu,Doanh thu thuần,Giá vốn hàng bán,Lãi gộp,Chi phí tài chính,Lãi/lỗ từ công ty liên doanh,Chi phí bán hàng,Chi phí quản lý DN,Lãi/Lỗ từ hoạt động kinh doanh,Thu nhập khác,"Lãi lỗ trong công ty liên doanh, liên kết",Thu nhập/Chi phí khác,Lợi nhuận khác,LN trước thuế,Chi phí thuế TNDN hiện hành,Chi phí thuế TNDN hoãn lại,Lợi nhuận thuần,Cổ đông thiểu số,Cổ đông của Công ty mẹ
CMG,2024,4,0.08875070646900196,2305750253392,126571304806,-0.026960619533048607,21291900443,-24294673274,2305750253392,-2587230000,2303163023392,-1857151860860,446011162532,-36655494107,6783570853,-134001313217,-124960892081,178468934423,2061024234,0,-5603257573,-3542233339,174926701084,-24080311430,193082008,151039471662,24468166856,126571304806
CMG,2024,3,0.22525507533050104,2188054139355,58874378306,-0.1281955204559006,32611751182,-20326909911,2188054139355,212500000,2188266639355,-1859580551422,328686087933,-24768713154,10136874865,-133874903778,-126099954764,86691142284,1981532344,0,-1924761948,56770396,86747912680,-11354411596,171389671,75564890755,16690512449,58874378306
CMG,2024,2,0.01190856150924416,1793656400604,83226280864,-0.008237521555430588,26612169333,-18209569564,1793656400604,-212500000,1793443900604,-1453960475032,339483425572,-23446923323,8940586791,-120246938151,-116967072102,114375248120,1079614163,0,-2930588154,-1850973991,112524274129,-15367479440,109122193,97265916882,14039636018,83226280864
CMG,2024,1,-0.09137941424447563,1668002249438,54991022529,0.28165551439623204,26380257369,-8833733243,1668002249438,-181429600,1667820819838,-1317423100242,350397719596,-19222826794,7276323391,-152483067329,-122916561710,89431844523,4865945476,0,-4930882898,-64937422,89366907101,-18078368417,118062066,71406600750,16415578221,54991022529
CMG,2023,4,-0.0800629833146536,2117794495739,130078296261,0.16554971622322834,28759035960,-24797266527,2117794495739,-1047637445,2116746858294,-1710084141633,406662716661,-29481896960,12907222705,-121770534145,-128148677585,168927866636,5638745967,0,-368086516,5270659451,174198526087,-21091871962,131670670,153238324795,23160028534,130078296261
CMG,2023,3,-0.01936943855511556,1785794797679,67531630873,-0.11266254474828866,36951007161,-28950678897,1785794797679,-56863636,1785737934043,-1472850817664,312887116379,-27901101878,11651861673,-117162927839,-127526391002,88899564494,1892691070,0,-2800294338,-907603268,87991961226,-7510453744,34639607,80516147089,12984516216,67531630873
CMG,2023,2,0.03678792120032919,1772547904851,83917553520,0.0502537384699943,27050361269,-20487444338,1772547904851,-1080078311,1771467826540,-1466816664311,304651162229,-25771614641,9093047521,-99387896087,-106986212657,108648847634,1216823353,0,-234608166,982215187,109631062821,-13159558740,245872257,96717376338,12799822818,83917553520
CMG,2023,1,0.03382088059804412,1835752211195,42906242677,0.27635458612948977,33860375944,-31320110578,1835752211195,-4941537239,1830810673956,-1477537765464,353272908492,-38574156195,7663880211,-184958407749,-115324339905,55940260798,1022011335,0,-1140464442,-118453107,55821807691,-4736435098,-1949234020,49136138573,6229895896,42906242677
CMG,2022,4,0.25226267121991686,2302108141457,111602529219,0.1345919824106781,21961446318,-25871195744,2302108141457,0,2302108141457,-1902394978529,399713162928,-32536167666,9244079037,-141944646412,-124105022188,132332852017,3901793882,0,-3187629171,714164711,133047016728,-8764248899,478760109,124761527938,13158998719,111602529219
CMG,2022,3,0.32360478123361097,1821067859692,76105917172,0.1625661051478081,25588218236,-28074561014,1821067859692,380748388,1821448608080,-1455594521318,365854086762,-31712847476,8966727109,-136208955503,-125347911855,107139317273,-128497678,0,157858469,29360791,107168678064,-19412890777,1493327037,89249114324,13143197152,76105917172
CMG,2022,2,0.31412930161790686,1709653313475,79902170729,0.8123080348210112,16497771106,-17992174016,1709653313475,-380748388,1709272565087,-1387275481244,321997083843,-22948208335,7180349499,-103279889675,-113548837824,105898268614,914222537,0,-684108980,230113557,106128382171,-14199960501,13574441,91941996111,12039825382,79902170729
CMG,2022,1,0.3326278937834248,1775696588884,33616240458,0.18033933623227125,25692243498,-16380419681,1775696588884,-11760000,1775684828884,-1444065141944,331619686940,-18748432658,5731870734,-160929307407,-98302787221,85063273886,-4546310945,0,-22779594534,-27325905479,57737368407,-8590567430,442135483,49588936460,15972696002,33616240458
CMG,2021,4,0.18913852968762895,1838358831869,98363579991,0.3691047791305523,19115595448,-19182899079,1838358831869,-71055127,1838287776742,-1495339930806,342947845936,-20145678818,6902754847,-110758647036,-105955567868,132106302509,4549189973,0,-816468558,3732721415,135839023924,-16662239341,-48349779,119128434804,20764854813,98363579991
CMG,2021,3,0.10311818171587471,1375839590119,65463733060,0.39625140105192935,27052988897,-17706244055,1375839590119,-296237008,1375543353111,-1101261521104,274281832007,-18654308798,5787794097,-101504224957,-78662028464,108302052782,2731642483,0,-8997750191,-6266107708,102035945074,-15485833966,7728945,86557840053,21094106993,65463733060
CMG,2021,2,0.22959839173482532,1300978002218,44088625771,0.5549621985701358,20908015795,-17482399080,1300978002218,-109128007,1300868874211,-1065977861558,234891012653,-17240908820,5654261716,-91510612671,-80684388866,72017379807,1807184830,0,-697817302,1109367528,73126747335,-10668355089,-21269223,62437123023,18348497252,44088625771
CMG,2021,1,0.24054768920363506,1332477428371,28480149247,0.2038925668384112,19985176289,-12017039237,1332477428371,-1043366091,1331434062280,-1147622393879,183811668401,-13615106537,6318626206,-107069556754,-34416291731,55014515874,4709914627,0,26136773,4736051400,59750567274,-14897842867,-20998572,44831725835,16351576588,28480149247
CMG,2020,4,0.03487058396266904,1545958511959,71845180508,0.07227203685534953,22144737385,-19513642160,1545958511959,-15757520,1545942754439,-1243178955424,302763799015,-20269700804,6135823917,-96338050145,-115449943526,98986665842,2621767044,0,-2133336925,488430119,99475095961,-11386739486,-19217612,88069138863,16223958355,71845180508
CMG,2020,3,0.06556924308265925,1247227734003,46885348162,0.04662888686104066,22627233602,-20393720297,1247227734003,23320456,1247251054459,-1020675742369,226575312090,-21497629648,5729285611,-92439392355,-57307368305,83687440995,-997742310,0,-1679358650,-2677100960,81010340035,-15378832522,-5609008,65625898505,18740550343,46885348162
CMG,2020,2,-0.06009560920602457,1058051157974,28353503263,2.30023327288266,21675412155,-16972481045,1058051157974,-23320456,1058027837518,-864266805852,193761031666,-17548891895,4114523964,-76727542654,-77007889165,48266644071,2771188548,0,-759109583,2012078965,50278723036,-7500561851,-19217612,42758943573,14405440310,28353503263
CMG,2020,1,-0.11164253253899792,1074104155743,23656719903,0.44596986216035295,25444796979,-19730368280,1074104155743,119976565,1074224132308,-870957400153,203266732155,-19816358694,5094898325,-116108510189,-51228351412,46653207164,2034552230,0,4069310376,6103862606,52757069770,-12487850945,-20998572,40248220253,16591500350,23656719903
CMG,2019,4,0.005695920044630035,1493866514245,67002754934,0.41850499778555894,20185234854,-17819964489,1493866514245,-7113598290,1486752915955,-1197324525552,289428390403,-19532086887,7047815890,-92393156001,-109510522963,95225675296,5562930867,0,-4607705461,955225406,96180900702,-13044970926,-3828048,83132101728,16129346794,67002754934
CMG,2019,3,-0.08101415973521937,1170480231200,44796535573,0.1160924799515395,7705531838,-12699673426,1170480231200,17479855359,1187960086559,-971490174932,216469911627,-12831680294,4990459821,-91701665664,-46761154859,77871402469,3103905926,0,-1440307559,1663598367,79535000836,-15863108136,-20084714,63651807986,18855272413,44796535573
CMG,2019,2,-0.07636333635996047,1125700835465,8591363373,-0.7751164788802166,8594604030,-19629527220,1125700835465,-18832301040,1106868534425,-916595697024,190272837401,-20255625470,7959497474,-78915718568,-80331308003,27324286864,4396705018,0,-1240702003,3156003015,30480289879,-8937184532,-4741906,21538363441,12947000068,8591363373
CMG,2019,1,0.16880234232877114,1209090028604,16360451571,2.478867355210932,10076118924,-12590775301,1209090028604,41110448928,1250200477532,-1030683075847,219517401685,-13920623804,4718314660,-80937990435,-74345595810,65107625220,-4726956906,0,165370206,-4561586700,60546038520,37315928075,-47593529952,50268436643,33907985072,16360451571
CMG,2018,4,0.04468921241092386,1485405761792,47234768322,-0.07136016393746362,4578962128,-13578863693,1485405761792,-33008841355,1452396920437,-1223634152334,228762768103,-13968479735,5784914120,-85206863567,-71800406349,68150894700,14116451433,0,-2910808627,11205642806,79356537506,-17104156767,19217612,62271598351,15036830029,47234768322
CMG,2018,3,-0.07169409026585297,1273665142504,40136938809,-0.4396995147674716,7072365518,-10787326639,1273665142504,7243705774,1280908848278,-1080807105493,200101742785,-11482953267,5807023809,-88271246788,-50407914265,62819017792,4143219201,0,-866808286,3276410915,66095428707,-13452413730,441602208,53084617185,12947678376,40136938809
CMG,2018,2,0.1677947795763109,1218770193713,38203614610,0.44089309259426795,3604801081,-10692733308,1218770193713,-16561064295,1202209129418,-1009479599514,192729529904,-11056821051,4423010768,-65300825762,-73281817422,51117877518,5227860565,0,-492120522,4735740043,55853617561,-6809010818,-466428828,48578177915,10374563305,38203614610
CMG,2018,1,-0.026332474021213716,1034469203916,4702809823,-0.8026708647764779,6064627320,-6234048562,1034469203916,10010196390,1044479400306,-874114648200,170364752106,-6040132025,3222308501,-74522050525,-76816442241,22273063136,3569591016,0,784673063,4354264079,26627327215,-9693025676,-25548541,16908752998,12205943175,4702809823
CMG,2017,4,0.2133758683894868,1421863788910,50864464874,0.18472193305179846,4325449941,-7859722305,1421863788910,-4649944072,1417213844838,-1199316517026,217897327812,-8288346012,4978200241,-75427337917,-78929628355,64555665710,7167471783,0,-1040630244,6126841539,70682507249,-9297490573,121628312,61506644988,10642180114,50864464874
CMG,2017,3,0.18839721121900008,1372031707596,71634667231,1.002390350433778,3455948139,-7010049767,1372031707596,-4238626979,1367793080617,-1131942841177,235850239440,-7184414528,6308165509,-81906248937,-56375162144,100148527479,2095495199,0,-1280547076,814948123,100963475602,-14432966987,366121646,86896630261,15261963030,71634667231
CMG,2017,2,0.0415641256529323,1043651003608,26513843953,0.2858680876609761,5041739477,-7114810323,1043651003608,-3295304978,1040355698630,-900207022043,140148676587,-7179157618,3443460405,-56722489036,-48704956652,36027273163,5573586599,0,-1319750181,4253836418,40281109581,-5715919702,-19217612,34545972267,8032128314,26513843953
CMG,2017,1,0.10276579678005639,1062446036573,23832313549,0.49101809646501854,5805046862,-6014072347,1062446036573,3991733452,1066437770025,-905725115241,160712654784,-6867146249,2618613970,-72194744740,-54417932193,35656492434,3516607625,0,929289414,4445897039,40102389473,-7091768342,12140541,33022761672,9190448123,23832313549
CMG,2016,4,0.07668909337607506,1171824680177,42933673679,-0.004824464225756088,5348678793,-5192329473,1171824680177,-7944671201,1163880008976,-1005685224746,158194784230,-5490882267,3802269031,-59033141490,-42397170300,60424537997,4698053774,0,-1884385549,2813668225,63238206222,-9665762109,-17353201,53555090912,10621417233,42933673679
CMG,2016,3,0.29912860448819306,1154522826748,35774576728,0.05867149527708903,4703196209,-7209941585,1154522826748,12215636433,1166738463181,-1021941694820,144796768361,-7435815159,3409934999,-55102962742,-43156206201,47214915467,2088744231,0,565625113,2654369344,49869284811,-7998422070,13942038,41884804779,6110228051,35774576728
CMG,2016,2,0.31333810499621445,1002003600070,20619412059,0.32824033994980667,4859623518,-7941119254,1002003600070,-14696797690,987306802380,-859328681710,127978120670,-8208476685,3178286718,-51378407581,-43653884899,32775261741,4320746915,0,-3091967586,1228779329,34004041070,-5748497427,-11472378,28244071265,7624659206,20619412059
CMG,2016,1,0.03847524956129363,963437603592,15983919716,-0.5763399265291016,5636645757,-6618862333,963437603592,7388417969,970826021561,-829285591784,141540429777,-7632471588,2813942513,-56106571703,-54664738102,31587236654,1766404118,0,2660163958,4426568076,36013804730,-12729265403,33046971,23317586298,7333666582,15983919716
CMG,2015,4,0.24234861920066417,1088359385626,43141809797,0.08677198755990537,1165941497,-4914491161,1088359385626,-12995301503,1075364084123,-916995553724,158368530399,-5441634503,5740978432,-62675774136,-38914342861,58243698828,9377217419,0,-7371616826,2005600593,60249299421,-6980227555,163150977,53432222843,10290413046,43141809797
CMG,2015,3,0.06169728126449706,888690174906,33791952355,0.1813653157035511,5275201211,-6297588025,888690174906,-3554134305,885136040601,-753665038763,131471001838,-10214918249,2719025547,-51687131280,-35208269385,42354909682,2263635171,0,-269834491,1993800680,44348710362,-3005380384,147603685,41490933663,7698981308,33791952355
CMG,2015,2,0.1751816332408667,762944131643,15523856217,0.315989603493609,2067108242,-6960598180,762944131643,-6165221243,756778910400,-661837059554,94941850846,-9813391714,1885151442,-39854674763,-31031741052,18194303001,2987402280,0,-943964337,2043437943,20237740944,-823711489,0,19414029455,3890173238,15523856217
CMG,2015,1,0.24523078982740065,927742480140,37728171043,4.689882430446214,-197837770,-4984664564,927742480140,14112403853,941854883993,-742503698280,199351185713,-9489950735,0,-85171634548,-61327736943,43164025717,-6747191005,1663919118,-3767580961,-10514771966,34313172869,-2861741755,147372477,31598803591,-6129367452,37728171043
CMG,2014,4,0.032145728287707225,876049901618,39697204465,0.47689684421634937,1447996526,-10241538590,876049901618,-33653685239,842396216379,-699940615709,142455600670,-11097554135,0,-55954304569,-32974820877,43876917615,5029771186,2084184659,-1931411709,3098359477,49059461751,-6296522838,-44335936,42718602977,3021398512,39697204465
CMG,2014,3,0.1312850130823826,837046671013,28604151405,3.3256292093156636,2348489552,-9855543951,837046671013,8170453452,845217124465,-725414458175,119802666290,-12527791468,0,-52815299660,-31665922867,25142141847,7952762798,1783266822,-960108677,6992654121,33918062790,-1482748509,-1150447492,31284866789,2680715384,28604151405
CMG,2014,2,0.14237342930460203,649213798159,11796336518,2.8511294612776887,1682695330,-10293001831,649213798159,-13974919975,635238878184,-541298384219,93940493965,-11760435542,0,-49953584148,-24584217780,9324951825,527997480,2878039005,-457022170,70975310,12273966140,-50376066,0,12223590074,427253556,11796336518
CMG,2014,1,0.4613981406758517,745036572914,-10224762375,-5.857979034435442,2668951015,-9101882007,745036572914,201608132,745238181046,-608331695554,136906485492,-12783322433,0,-73425432600,-59238362839,-5871681365,-11787794351,1210041911,11683808763,-103985588,-4765625042,-429814254,-1599326856,-6794766152,3429996223,-10224762375
CMG,2013,4,0.0,848765709733,26878792937,0.0,1454660207,-14366589929,848765709733,-23696433242,825069276491,-708679864807,116389411684,-14757204321,0,-40065880257,-28957725789,34063261524,12655497273,881472953,-14928990276,-2273493003,32671241474,-2290000000,-30519906,30350721568,3471928631,26878792937
CMG,2013,3,0.0,739907858173,6612714595,0.0,-692536635,-16343603138,739907858173,-11443062464,728464795709,-630084951060,98379844649,-18766052097,0,-41333082428,-26519662948,11068510541,2795434738,720338708,-3870476337,-1075041599,10713807650,-4669638931,488318502,6532487221,-80227374,6612714595
CMG,2013,2,0.0,568302607103,-6372507577,0.0,3266888293,-19361891779,568302607103,-8460096999,559842510104,-481238537255,78603972849,-21194835476,0,-41795464262,-26145673084,-7265111680,554430803,880713656,-344550342,209880461,-6174517563,-539961144,0,-6714478707,-341971130,-6372507577
CMG,2013,1,0.0,509810812110,-1490929372,0.0,955173420,-18934107139,509810812110,-5430823922,504379988188,-408849069933,95530918255,-19876304562,0,-45527179272,-30032446198,1050161643,527893496,46602538,-501000274,26893222,1123657403,-813329275,1284436454,1594764582,3085693954,-1490929372
